날짜,시도,측정소명,측정소코드,아황산가스,일산화탄소,오존,이산화질소,PM10,PM2.5
2020-07-01 01,부산 중구,광복동,221112,.003,.3,.028,.008,6,4
2020-07-01 02,부산 중구,광복동,221112,.003,.3,.026,.008,7,7
2020-07-01 03,부산 중구,광복동,221112,.004,.4,.024,.009,5,7
2020-07-01 04,부산 중구,광복동,221112,.003,.4,.026,.006,5,2
2020-07-01 05,부산 중구,광복동,221112,.003,.3,.028,.004,5,2
2020-07-01 06,부산 중구,광복동,221112,.002,.3,.025,.005,4,3
2020-07-01 07,부산 중구,광복동,221112,.002,.3,.024,.008,4,3
2020-07-01 08,부산 중구,광복동,221112,.003,.3,.021,.013,6,6
2020-07-01 09,부산 중구,광복동,221112,.003,.3,.019,.012,9,8
2020-07-01 10,부산 중구,광복동,221112,.003,.3,.011,.017,7,4
2020-07-01 11,부산 중구,광복동,221112,.003,.4,.014,.017,4,3
2020-07-01 12,부산 중구,광복동,221112,.004,.3,.018,.016,22,6
2020-07-01 13,부산 중구,광복동,221112,.003,.3,.03,.011,13,9
2020-07-01 14,부산 중구,광복동,221112,.003,.3,.032,.012,12,6
2020-07-01 15,부산 중구,광복동,221112,.003,.3,.034,.013,14,8
2020-07-01 16,부산 중구,광복동,221112,.003,.3,.033,.014,16,8
2020-07-01 17,부산 중구,광복동,221112,.003,.3,.04,.01,10,3
2020-07-01 18,부산 중구,광복동,221112,.003,.3,.038,.013,9,3
2020-07-01 19,부산 중구,광복동,221112,.003,.3,.033,.018,7,5
2020-07-01 20,부산 중구,광복동,221112,.003,.3,.03,.02,8,8
2020-07-01 21,부산 중구,광복동,221112,.003,.3,.03,.019,8,8
2020-07-01 22,부산 중구,광복동,221112,.003,.3,.037,.014,7,10
2020-07-01 23,부산 중구,광복동,221112,.004,.3,.031,.018,18,10
2020-07-01 24,부산 중구,광복동,221112,.004,.3,.024,.02,12,11
2020-07-02 01,부산 중구,광복동,221112,.004,.3,.018,.022,19,11
2020-07-02 02,부산 중구,광복동,221112,.003,.3,.018,.019,20,18
2020-07-02 03,부산 중구,광복동,221112,.004,.3,.017,.017,20,13
2020-07-02 04,부산 중구,광복동,221112,.004,.3,.014,.017,20,12
2020-07-02 05,부산 중구,광복동,221112,.003,.4,.015,.014,22,12
2020-07-02 06,부산 중구,광복동,221112,.004,.4,.007,.019,16,10
2020-07-02 07,부산 중구,광복동,221112,.004,.4,.006,.018,26,8
2020-07-02 08,부산 중구,광복동,221112,.005,.4,.007,.019,28,17
2020-07-02 09,부산 중구,광복동,221112,.004,.4,.01,.022,28,21
2020-07-02 10,부산 중구,광복동,221112,.007,.4,.025,.024,36,23
2020-07-02 11,부산 중구,광복동,221112,.011,.5,.054,.02,44,28
2020-07-02 12,부산 중구,광복동,221112,.006,.4,.054,.011,41,26
2020-07-02 13,부산 중구,광복동,221112,.005,.4,.065,.015,30,19
2020-07-02 14,부산 중구,광복동,221112,.004,.4,.043,.014,38,31
2020-07-02 15,부산 중구,광복동,221112,.003,.3,.035,.013,33,13
2020-07-02 16,부산 중구,광복동,221112,.004,.3,.035,.014,16,11
2020-07-02 17,부산 중구,광복동,221112,.004,.3,.034,.013,17,8
2020-07-02 18,부산 중구,광복동,221112,.003,.3,.03,.012,15,7
2020-07-02 19,부산 중구,광복동,221112,.004,.3,.024,.015,14,8
2020-07-02 20,부산 중구,광복동,221112,.004,.3,.016,.021,12,11
2020-07-02 21,부산 중구,광복동,221112,.004,.3,.014,.025,13,12
2020-07-02 22,부산 중구,광복동,221112,.004,.3,.01,.023,13,
2020-07-02 23,부산 중구,광복동,221112,.004,.3,.007,.023,12,7
2020-07-02 24,부산 중구,광복동,221112,.004,.3,.008,.022,10,9
2020-07-03 01,부산 중구,광복동,221112,.004,.3,.021,.011,9,9
2020-07-03 02,부산 중구,광복동,221112,.006,.3,.026,.01,5,6
2020-07-03 03,부산 중구,광복동,221112,.007,.3,.033,.01,4,5
2020-07-03 04,부산 중구,광복동,221112,.007,.3,.031,.011,9,7
2020-07-03 05,부산 중구,광복동,221112,.005,.3,.027,.012,7,6
2020-07-03 06,부산 중구,광복동,221112,.004,.3,.026,.011,6,8
2020-07-03 07,부산 중구,광복동,221112,.004,.3,.022,.014,10,9
2020-07-03 08,부산 중구,광복동,221112,.004,.3,.02,.015,,7
2020-07-03 09,부산 중구,광복동,221112,.004,.3,.02,.016,16,9
2020-07-03 10,부산 중구,광복동,221112,.004,.3,.018,.016,22,9
2020-07-03 11,부산 중구,광복동,221112,.003,.3,.022,.014,18,5
2020-07-03 12,부산 중구,광복동,221112,.003,.3,.024,.012,21,4
2020-07-03 13,부산 중구,광복동,221112,.002,.3,.026,.01,13,7
2020-07-03 14,부산 중구,광복동,221112,.003,.3,.025,.011,11,9
2020-07-03 15,부산 중구,광복동,221112,.003,.3,.026,.01,16,9
2020-07-03 16,부산 중구,광복동,221112,.003,.3,.026,.009,12,7
2020-07-03 17,부산 중구,광복동,221112,.003,.3,.023,.011,11,2
2020-07-03 18,부산 중구,광복동,221112,.003,.3,.02,.013,14,4
2020-07-03 19,부산 중구,광복동,221112,.003,.3,.016,.015,6,7
2020-07-03 20,부산 중구,광복동,221112,.003,.3,.02,.012,9,6
2020-07-03 21,부산 중구,광복동,221112,.003,.3,.022,.009,15,7
2020-07-03 22,부산 중구,광복동,221112,.004,.3,.02,.01,12,17
2020-07-03 23,부산 중구,광복동,221112,.003,.3,.02,.007,15,12
2020-07-03 24,부산 중구,광복동,221112,.002,.3,.021,.006,7,9
2020-07-04 01,부산 중구,광복동,221112,.002,.3,.022,.005,7,5
2020-07-04 02,부산 중구,광복동,221112,.002,.3,.028,.004,8,6
2020-07-04 03,부산 중구,광복동,221112,.002,.3,.029,.004,6,3
2020-07-04 04,부산 중구,광복동,221112,.002,.3,.03,.004,2,2
2020-07-04 05,부산 중구,광복동,221112,.002,.3,.029,.005,2,2
2020-07-04 06,부산 중구,광복동,221112,.002,.3,.028,.005,2,6
2020-07-04 07,부산 중구,광복동,221112,.002,.3,.025,.009,5,6
2020-07-04 08,부산 중구,광복동,221112,.002,.3,.024,.009,8,6
2020-07-04 09,부산 중구,광복동,221112,.002,.3,.028,.008,8,6
2020-07-04 10,부산 중구,광복동,221112,.002,.3,.033,.006,8,3
2020-07-04 11,부산 중구,광복동,221112,.002,.3,.034,.007,5,2
2020-07-04 12,부산 중구,광복동,221112,.003,.3,.035,.011,5,5
2020-07-04 13,부산 중구,광복동,221112,.003,.3,.032,.011,9,9
2020-07-04 14,부산 중구,광복동,221112,.003,.3,.027,.013,12,11
2020-07-04 15,부산 중구,광복동,221112,.003,.3,.021,.014,19,10
2020-07-04 16,부산 중구,광복동,221112,.003,.3,.022,.013,11,10
2020-07-04 17,부산 중구,광복동,221112,.003,.3,.02,.015,18,11
2020-07-04 18,부산 중구,광복동,221112,.003,.3,.022,.013,6,6
2020-07-04 19,부산 중구,광복동,221112,.003,.3,.021,.015,7,3
2020-07-04 20,부산 중구,광복동,221112,.005,.3,.014,.02,8,7
2020-07-04 21,부산 중구,광복동,221112,.008,.3,.008,.023,10,11
2020-07-04 22,부산 중구,광복동,221112,.009,.4,.006,.025,21,12
2020-07-04 23,부산 중구,광복동,221112,.006,.3,.015,.023,28,17
2020-07-04 24,부산 중구,광복동,221112,.005,.3,.022,.019,14,2
2020-07-05 01,부산 중구,광복동,221112,.005,.3,.021,.019,7,2
2020-07-05 02,부산 중구,광복동,221112,.004,.3,.022,.016,6,2
2020-07-05 03,부산 중구,광복동,221112,.004,.3,.023,.013,7,2
2020-07-05 04,부산 중구,광복동,221112,.004,.3,.02,.013,10,4
2020-07-05 05,부산 중구,광복동,221112,.003,.3,.02,.011,15,11
2020-07-05 06,부산 중구,광복동,221112,.004,.3,.01,.019,16,16
2020-07-05 07,부산 중구,광복동,221112,.004,.4,.014,.016,24,9
2020-07-05 08,부산 중구,광복동,221112,.004,.3,.018,.013,17,8
2020-07-05 09,부산 중구,광복동,221112,.004,.3,.022,.011,15,9
2020-07-05 10,부산 중구,광복동,221112,.004,.3,.031,.011,18,11
2020-07-05 11,부산 중구,광복동,221112,.004,.4,.033,.012,24,13
2020-07-05 12,부산 중구,광복동,221112,.004,.4,.03,.015,31,24
2020-07-05 13,부산 중구,광복동,221112,.005,.3,.032,.015,33,18
2020-07-05 14,부산 중구,광복동,221112,.005,.4,.038,.013,26,16
2020-07-05 15,부산 중구,광복동,221112,.004,.5,.043,.011,24,21
2020-07-05 16,부산 중구,광복동,221112,.004,.4,.036,.014,22,15
2020-07-05 17,부산 중구,광복동,221112,.004,.3,.033,.014,22,25
2020-07-05 18,부산 중구,광복동,221112,.004,.3,.026,.018,15,15
2020-07-05 19,부산 중구,광복동,221112,.004,.3,.031,.016,11,5
2020-07-05 20,부산 중구,광복동,221112,.003,.3,.03,.014,11,7
2020-07-05 21,부산 중구,광복동,221112,.004,.3,.018,.022,11,10
2020-07-05 22,부산 중구,광복동,221112,.005,.3,.014,.025,11,10
2020-07-05 23,부산 중구,광복동,221112,.004,.3,.014,.024,11,8
2020-07-05 24,부산 중구,광복동,221112,.004,.3,.016,.023,,7
2020-07-06 01,부산 중구,광복동,221112,.004,.3,.02,.017,10,9
2020-07-06 02,부산 중구,광복동,221112,.004,.3,.012,.022,7,8
2020-07-06 03,부산 중구,광복동,221112,.004,.3,.013,.019,8,5
2020-07-06 04,부산 중구,광복동,221112,.003,.3,.016,.014,10,4
2020-07-06 05,부산 중구,광복동,221112,.004,.3,.006,.023,10,5
2020-07-06 06,부산 중구,광복동,221112,.006,.3,.005,.021,17,15
2020-07-06 07,부산 중구,광복동,221112,.004,.4,.01,.019,17,10
2020-07-06 08,부산 중구,광복동,221112,.006,.4,.005,.021,16,16
2020-07-06 09,부산 중구,광복동,221112,.006,.4,.005,.024,24,17
2020-07-06 10,부산 중구,광복동,221112,.006,.4,.006,.026,37,23
2020-07-06 11,부산 중구,광복동,221112,.006,.4,.013,.024,38,20
2020-07-06 12,부산 중구,광복동,221112,.004,.4,.024,.021,32,18
2020-07-06 13,부산 중구,광복동,221112,.004,.4,.022,.022,34,26
2020-07-06 14,부산 중구,광복동,221112,.003,.4,.016,.023,17,13
2020-07-06 15,부산 중구,광복동,221112,.004,.4,.014,.024,16,13
2020-07-06 16,부산 중구,광복동,221112,,,,,21,16
2020-07-06 17,부산 중구,광복동,221112,,,,,27,12
2020-07-06 18,부산 중구,광복동,221112,.003,.4,.015,.022,19,13
2020-07-06 19,부산 중구,광복동,221112,.003,.4,.017,.021,,12
2020-07-06 20,부산 중구,광복동,221112,.003,.4,.018,.018,,17
2020-07-06 21,부산 중구,광복동,221112,.003,.4,.014,.019,16,
2020-07-06 22,부산 중구,광복동,221112,.003,.4,.01,.02,15,17
2020-07-06 23,부산 중구,광복동,221112,.003,.4,.015,.017,13,17
2020-07-06 24,부산 중구,광복동,221112,.003,.4,.025,.01,13,12
2020-07-07 01,부산 중구,광복동,221112,.003,.4,.021,.01,10,12
2020-07-07 02,부산 중구,광복동,221112,.002,.4,.028,.008,11,12
2020-07-07 03,부산 중구,광복동,221112,.003,.4,.03,.008,12,11
2020-07-07 04,부산 중구,광복동,221112,.003,.4,.03,.008,8,7
2020-07-07 05,부산 중구,광복동,221112,.002,.4,.029,.007,7,5
2020-07-07 06,부산 중구,광복동,221112,.002,.4,.026,.008,11,9
2020-07-07 07,부산 중구,광복동,221112,.003,.4,.018,.014,12,6
2020-07-07 08,부산 중구,광복동,221112,.003,.5,.01,.019,20,15
2020-07-07 09,부산 중구,광복동,221112,.004,.5,.007,.02,25,25
2020-07-07 10,부산 중구,광복동,221112,.004,.4,.014,.019,33,13
2020-07-07 11,부산 중구,광복동,221112,.004,.4,.019,.016,24,20
2020-07-07 12,부산 중구,광복동,221112,.004,.4,.021,.015,15,10
2020-07-07 13,부산 중구,광복동,221112,.003,.4,.031,.015,22,12
2020-07-07 14,부산 중구,광복동,221112,.003,.4,.039,.01,19,15
2020-07-07 15,부산 중구,광복동,221112,.003,.4,.04,.011,15,7
2020-07-07 16,부산 중구,광복동,221112,.003,.4,.034,.016,15,8
2020-07-07 17,부산 중구,광복동,221112,.003,.4,.041,.012,13,9
2020-07-07 18,부산 중구,광복동,221112,.003,.4,.041,.011,14,9
2020-07-07 19,부산 중구,광복동,221112,.003,.4,.039,.014,9,8
2020-07-07 20,부산 중구,광복동,221112,.003,.4,.044,.01,10,8
2020-07-07 21,부산 중구,광복동,221112,.003,.4,.044,.008,7,9
2020-07-07 22,부산 중구,광복동,221112,.003,.4,.038,.01,5,4
2020-07-07 23,부산 중구,광복동,221112,.003,.4,.041,.009,8,2
2020-07-07 24,부산 중구,광복동,221112,.003,.4,.037,.01,8,7
2020-07-08 01,부산 중구,광복동,221112,.003,.4,.03,.013,8,7
2020-07-08 02,부산 중구,광복동,221112,.003,.4,.034,.01,18,6
2020-07-08 03,부산 중구,광복동,221112,.002,.4,.04,.006,10,9
2020-07-08 04,부산 중구,광복동,221112,.002,.4,.039,.005,18,20
2020-07-08 05,부산 중구,광복동,221112,.002,.4,.036,.005,27,16
2020-07-08 06,부산 중구,광복동,221112,.002,.4,.033,.006,25,23
2020-07-08 07,부산 중구,광복동,221112,.002,.4,.03,.008,21,18
2020-07-08 08,부산 중구,광복동,221112,.002,.4,.034,.008,31,24
2020-07-08 09,부산 중구,광복동,221112,.002,.4,.038,.01,24,
2020-07-08 10,부산 중구,광복동,221112,.003,.5,.03,.016,31,16
2020-07-08 11,부산 중구,광복동,221112,.003,.4,.029,.017,36,21
2020-07-08 12,부산 중구,광복동,221112,.004,.4,.033,.017,36,28
2020-07-08 13,부산 중구,광복동,221112,.004,.4,.024,.014,38,24
2020-07-08 14,부산 중구,광복동,221112,.004,.4,.023,.015,24,22
2020-07-08 15,부산 중구,광복동,221112,.004,.5,.031,.017,28,21
2020-07-08 16,부산 중구,광복동,221112,.004,.5,.044,.02,37,22
2020-07-08 17,부산 중구,광복동,221112,.005,.6,.034,.022,45,32
2020-07-08 18,부산 중구,광복동,221112,.005,.5,.033,.022,37,39
2020-07-08 19,부산 중구,광복동,221112,.004,.4,.035,.022,30,30
2020-07-08 20,부산 중구,광복동,221112,.004,.5,.035,.025,33,28
2020-07-08 21,부산 중구,광복동,221112,.004,.5,.042,.021,36,37
2020-07-08 22,부산 중구,광복동,221112,.004,.4,.034,.02,33,34
2020-07-08 23,부산 중구,광복동,221112,.004,.4,.031,.015,33,30
2020-07-08 24,부산 중구,광복동,221112,.004,.4,.021,.02,25,19
2020-07-09 01,부산 중구,광복동,221112,.004,.4,.021,.022,29,23
2020-07-09 02,부산 중구,광복동,221112,.004,.4,.023,.022,33,29
2020-07-09 03,부산 중구,광복동,221112,.004,.4,.036,.015,39,34
2020-07-09 04,부산 중구,광복동,221112,.003,.4,.043,.013,34,37
2020-07-09 05,부산 중구,광복동,221112,.003,.4,.045,.011,23,24
2020-07-09 06,부산 중구,광복동,221112,.003,.4,.041,.013,24,22
2020-07-09 07,부산 중구,광복동,221112,.003,.4,.031,.019,28,20
2020-07-09 08,부산 중구,광복동,221112,.003,.4,.034,.017,25,17
2020-07-09 09,부산 중구,광복동,221112,.003,.4,.036,.017,21,17
2020-07-09 10,부산 중구,광복동,221112,.003,.4,.035,.017,20,15
2020-07-09 11,부산 중구,광복동,221112,.003,.4,.04,.017,34,26
2020-07-09 12,부산 중구,광복동,221112,.003,.4,.049,.012,31,22
2020-07-09 13,부산 중구,광복동,221112,.003,.4,.05,.014,32,22
2020-07-09 14,부산 중구,광복동,221112,.004,.4,.041,.021,31,17
2020-07-09 15,부산 중구,광복동,221112,.003,.4,.046,.014,35,26
2020-07-09 16,부산 중구,광복동,221112,.003,.4,.043,.012,24,15
2020-07-09 17,부산 중구,광복동,221112,.003,.4,.041,.013,20,16
2020-07-09 18,부산 중구,광복동,221112,.003,.4,.042,.012,22,17
2020-07-09 19,부산 중구,광복동,221112,.003,.4,.041,.014,18,12
2020-07-09 20,부산 중구,광복동,221112,.003,.4,.037,.015,21,16
2020-07-09 21,부산 중구,광복동,221112,.003,.4,.036,.013,18,19
2020-07-09 22,부산 중구,광복동,221112,.003,.4,.027,.019,9,13
2020-07-09 23,부산 중구,광복동,221112,.003,.4,.039,.011,14,12
2020-07-09 24,부산 중구,광복동,221112,.003,.4,.043,.008,13,12
2020-07-10 01,부산 중구,광복동,221112,.002,.4,.043,.006,12,12
2020-07-10 02,부산 중구,광복동,221112,.002,.4,.04,.006,9,10
2020-07-10 03,부산 중구,광복동,221112,.003,.4,.033,.008,6,6
2020-07-10 04,부산 중구,광복동,221112,.003,.4,.015,.021,5,4
2020-07-10 05,부산 중구,광복동,221112,.003,.4,.013,.021,6,7
2020-07-10 06,부산 중구,광복동,221112,.004,.4,.013,.02,7,9
2020-07-10 07,부산 중구,광복동,221112,.004,.4,.009,.021,7,7
2020-07-10 08,부산 중구,광복동,221112,.003,.3,.011,.02,7,6
2020-07-10 09,부산 중구,광복동,221112,.003,.3,.025,.016,4,5
2020-07-10 10,부산 중구,광복동,221112,.002,.4,.024,.015,2,2
2020-07-10 11,부산 중구,광복동,221112,.002,.5,.009,.02,2,2
2020-07-10 12,부산 중구,광복동,221112,.003,.4,.006,.02,2,2
2020-07-10 13,부산 중구,광복동,221112,.003,.4,.008,.017,2,2
2020-07-10 14,부산 중구,광복동,221112,.002,.3,.012,.014,2,2
2020-07-10 15,부산 중구,광복동,221112,.002,.3,.015,.011,2,2
2020-07-10 16,부산 중구,광복동,221112,.003,.3,.016,.012,2,2
2020-07-10 17,부산 중구,광복동,221112,.003,.4,.025,.011,15,4
2020-07-10 18,부산 중구,광복동,221112,.003,.4,.022,.014,11,10
2020-07-10 19,부산 중구,광복동,221112,.003,.4,.021,.016,14,8
2020-07-10 20,부산 중구,광복동,221112,.003,.4,.027,.014,22,7
2020-07-10 21,부산 중구,광복동,221112,.003,.4,.024,.015,18,8
2020-07-10 22,부산 중구,광복동,221112,.003,.4,.017,.017,22,11
2020-07-10 23,부산 중구,광복동,221112,.003,.4,.011,.021,20,11
2020-07-10 24,부산 중구,광복동,221112,.003,.4,.021,.015,25,11
2020-07-11 01,부산 중구,광복동,221112,.003,.3,.016,.014,15,14
2020-07-11 02,부산 중구,광복동,221112,.003,.3,.014,.014,18,12
2020-07-11 03,부산 중구,광복동,221112,.003,.4,.014,.015,17,18
2020-07-11 04,부산 중구,광복동,221112,.003,.4,.015,.014,24,16
2020-07-11 05,부산 중구,광복동,221112,.003,.4,.019,.012,25,15
2020-07-11 06,부산 중구,광복동,221112,.003,.4,.02,.013,24,19
2020-07-11 07,부산 중구,광복동,221112,.003,.4,.012,.02,21,17
2020-07-11 08,부산 중구,광복동,221112,.003,.4,.015,.018,26,18
2020-07-11 09,부산 중구,광복동,221112,.004,.4,.009,.022,28,22
2020-07-11 10,부산 중구,광복동,221112,.004,.4,.014,.022,41,29
2020-07-11 11,부산 중구,광복동,221112,.004,.5,.017,.022,33,23
2020-07-11 12,부산 중구,광복동,221112,.004,.4,.024,.015,42,30
2020-07-11 13,부산 중구,광복동,221112,.004,.3,.027,.012,20,13
2020-07-11 14,부산 중구,광복동,221112,.003,.3,.028,.01,15,10
2020-07-11 15,부산 중구,광복동,221112,.003,.4,.03,.009,15,15
2020-07-11 16,부산 중구,광복동,221112,.003,.4,.03,.01,20,9
2020-07-11 17,부산 중구,광복동,221112,.004,.4,.026,.014,14,8
2020-07-11 18,부산 중구,광복동,221112,.003,.4,.029,.012,15,7
2020-07-11 19,부산 중구,광복동,221112,.003,.4,.027,.012,11,6
2020-07-11 20,부산 중구,광복동,221112,.003,.3,.022,.012,14,5
2020-07-11 21,부산 중구,광복동,221112,.003,.3,.023,.012,20,8
2020-07-11 22,부산 중구,광복동,221112,.003,.3,.021,.012,19,10
2020-07-11 23,부산 중구,광복동,221112,.003,.3,.021,.011,12,7
2020-07-11 24,부산 중구,광복동,221112,.004,.3,.023,.01,17,7
2020-07-12 01,부산 중구,광복동,221112,.003,.3,.026,.007,13,6
2020-07-12 02,부산 중구,광복동,221112,.003,.3,.022,.01,13,5
2020-07-12 03,부산 중구,광복동,221112,.004,.3,.017,.014,13,7
2020-07-12 04,부산 중구,광복동,221112,.004,.3,.021,.011,17,10
2020-07-12 05,부산 중구,광복동,221112,.005,.3,.021,.012,18,15
2020-07-12 06,부산 중구,광복동,221112,.004,.3,.027,.008,21,16
2020-07-12 07,부산 중구,광복동,221112,.004,.3,.024,.009,19,17
2020-07-12 08,부산 중구,광복동,221112,.003,.3,.023,.01,15,11
2020-07-12 09,부산 중구,광복동,221112,.003,.3,.018,.012,12,10
2020-07-12 10,부산 중구,광복동,221112,.004,.3,.018,.013,12,7
2020-07-12 11,부산 중구,광복동,221112,.004,.3,.02,.011,11,5
2020-07-12 12,부산 중구,광복동,221112,.003,.3,.02,.011,7,7
2020-07-12 13,부산 중구,광복동,221112,.003,.3,.021,.012,9,9
2020-07-12 14,부산 중구,광복동,221112,.003,.3,.023,.011,12,8
2020-07-12 15,부산 중구,광복동,221112,.003,.3,.023,.012,11,5
2020-07-12 16,부산 중구,광복동,221112,.003,.3,.024,.011,11,4
2020-07-12 17,부산 중구,광복동,221112,.003,.3,.027,.009,11,6
2020-07-12 18,부산 중구,광복동,221112,.003,.3,.028,.009,8,6
2020-07-12 19,부산 중구,광복동,221112,.003,.3,.029,.008,6,5
2020-07-12 20,부산 중구,광복동,221112,.003,.3,.029,.008,9,3
2020-07-12 21,부산 중구,광복동,221112,.003,.3,.029,.007,12,6
2020-07-12 22,부산 중구,광복동,221112,.003,.3,.03,.006,10,7
2020-07-12 23,부산 중구,광복동,221112,.003,.3,.027,.009,4,4
2020-07-12 24,부산 중구,광복동,221112,.002,.3,.031,.006,5,4
2020-07-13 01,부산 중구,광복동,221112,.002,.3,.03,.006,6,5
2020-07-13 02,부산 중구,광복동,221112,.003,.3,.03,.007,2,2
2020-07-13 03,부산 중구,광복동,221112,.003,.2,.037,.006,2,2
2020-07-13 04,부산 중구,광복동,221112,.003,.2,.037,.004,2,2
2020-07-13 05,부산 중구,광복동,221112,.002,.2,.039,.004,2,2
2020-07-13 06,부산 중구,광복동,221112,.003,.3,.036,.005,2,3
2020-07-13 07,부산 중구,광복동,221112,.002,.3,.032,.006,2,2
2020-07-13 08,부산 중구,광복동,221112,.002,.3,.024,.012,2,2
2020-07-13 09,부산 중구,광복동,221112,.003,.3,.013,.02,2,2
2020-07-13 10,부산 중구,광복동,221112,.003,.3,.01,.021,2,2
2020-07-13 11,부산 중구,광복동,221112,.003,.3,.02,.016,2,4
2020-07-13 12,부산 중구,광복동,221112,.002,.3,.027,.01,2,3
2020-07-13 13,부산 중구,광복동,221112,.002,.3,.03,.009,2,2
2020-07-13 14,부산 중구,광복동,221112,.002,.3,.026,.011,2,2
2020-07-13 15,부산 중구,광복동,221112,,,,,,
2020-07-13 16,부산 중구,광복동,221112,,,,,,
2020-07-13 17,부산 중구,광복동,221112,.003,.4,.008,.028,2,2
2020-07-13 18,부산 중구,광복동,221112,.003,.4,.008,.03,,
2020-07-13 19,부산 중구,광복동,221112,.003,.5,.019,.021,2,
2020-07-13 20,부산 중구,광복동,221112,.003,.5,.013,.025,2,
2020-07-13 21,부산 중구,광복동,221112,.003,.4,.014,.021,2,
2020-07-13 22,부산 중구,광복동,221112,.002,.4,.016,.016,6,8
2020-07-13 23,부산 중구,광복동,221112,.003,.4,.012,.019,4,7
2020-07-13 24,부산 중구,광복동,221112,.002,.4,.02,.011,4,7
2020-07-14 01,부산 중구,광복동,221112,.002,.4,.019,.012,5,5
2020-07-14 02,부산 중구,광복동,221112,.002,.4,.018,.011,4,6
2020-07-14 03,부산 중구,광복동,221112,.003,.4,.009,.019,4,5
2020-07-14 04,부산 중구,광복동,221112,.004,.4,.005,.023,7,7
2020-07-14 05,부산 중구,광복동,221112,.004,.3,.007,.021,8,10
2020-07-14 06,부산 중구,광복동,221112,.003,.3,.012,.017,4,
2020-07-14 07,부산 중구,광복동,221112,.004,.3,.006,.023,2,
2020-07-14 08,부산 중구,광복동,221112,.005,.4,.007,.022,3,
2020-07-14 09,부산 중구,광복동,221112,.005,.4,.008,.022,3,
2020-07-14 10,부산 중구,광복동,221112,.004,.4,.009,.021,5,8
2020-07-14 11,부산 중구,광복동,221112,.003,.4,.015,.016,8,10
2020-07-14 12,부산 중구,광복동,221112,.003,.5,.014,.017,5,9
2020-07-14 13,부산 중구,광복동,221112,.003,.4,.021,.012,7,7
2020-07-14 14,부산 중구,광복동,221112,.003,.4,.02,.013,10,8
2020-07-14 15,부산 중구,광복동,221112,.003,.4,.019,.014,11,7
2020-07-14 16,부산 중구,광복동,221112,.003,.4,.01,.021,11,6
2020-07-14 17,부산 중구,광복동,221112,.003,.4,.008,.022,11,
2020-07-14 18,부산 중구,광복동,221112,.004,.4,.005,.024,10,7
2020-07-14 19,부산 중구,광복동,221112,.004,.4,.005,.026,14,7
2020-07-14 20,부산 중구,광복동,221112,.003,.5,.011,.02,13,10
2020-07-14 21,부산 중구,광복동,221112,.003,.5,.007,.021,15,10
2020-07-14 22,부산 중구,광복동,221112,.003,.5,.007,.02,11,
2020-07-14 23,부산 중구,광복동,221112,.003,.5,.01,.016,10,
2020-07-14 24,부산 중구,광복동,221112,.002,.4,.014,.013,9,5
2020-07-15 01,부산 중구,광복동,221112,.002,.4,.018,.008,9,6
2020-07-15 02,부산 중구,광복동,221112,.002,.3,.02,.006,7,9
2020-07-15 03,부산 중구,광복동,221112,.002,.3,.022,.005,,8
2020-07-15 04,부산 중구,광복동,221112,.002,.3,.021,.006,3,3
2020-07-15 05,부산 중구,광복동,221112,.002,.3,.02,.006,5,3
2020-07-15 06,부산 중구,광복동,221112,.002,.3,.018,.007,6,5
2020-07-15 07,부산 중구,광복동,221112,.002,.3,.015,.011,9,10
2020-07-15 08,부산 중구,광복동,221112,.002,.4,.011,.014,15,9
2020-07-15 09,부산 중구,광복동,221112,.003,.4,.01,.016,11,9
2020-07-15 10,부산 중구,광복동,221112,.004,.4,.012,.017,16,13
2020-07-15 11,부산 중구,광복동,221112,.003,.4,.018,.013,18,13
2020-07-15 12,부산 중구,광복동,221112,.003,.4,.018,.014,13,8
2020-07-15 13,부산 중구,광복동,221112,.004,.4,.019,.018,15,18
2020-07-15 14,부산 중구,광복동,221112,.004,.3,.014,.019,17,20
2020-07-15 15,부산 중구,광복동,221112,.004,.3,.019,.019,16,11
2020-07-15 16,부산 중구,광복동,221112,.003,.3,.024,.013,25,12
2020-07-15 17,부산 중구,광복동,221112,.003,.3,.019,.012,11,11
2020-07-15 18,부산 중구,광복동,221112,.003,.3,.013,.015,12,6
2020-07-15 19,부산 중구,광복동,221112,.003,.3,.016,.013,11,7
2020-07-15 20,부산 중구,광복동,221112,.003,.3,.012,.016,11,8
2020-07-15 21,부산 중구,광복동,221112,.005,.4,.012,.017,11,10
2020-07-15 22,부산 중구,광복동,221112,.008,.4,.01,.021,11,10
2020-07-15 23,부산 중구,광복동,221112,.006,.4,.008,.019,19,10
2020-07-15 24,부산 중구,광복동,221112,.005,.4,.006,.019,15,11
2020-07-16 01,부산 중구,광복동,221112,.007,.4,.012,.016,10,
2020-07-16 02,부산 중구,광복동,221112,.005,.4,.011,.014,18,10
2020-07-16 03,부산 중구,광복동,221112,.003,.4,.014,.009,18,7
2020-07-16 04,부산 중구,광복동,221112,.004,.4,.014,.009,12,7
2020-07-16 05,부산 중구,광복동,221112,.004,.4,.01,.014,15,12
2020-07-16 06,부산 중구,광복동,221112,.003,.4,.003,.016,13,11
2020-07-16 07,부산 중구,광복동,221112,.003,.4,.005,.016,16,12
2020-07-16 08,부산 중구,광복동,221112,.005,.4,.01,.018,18,11
2020-07-16 09,부산 중구,광복동,221112,.008,.4,.019,.019,31,9
2020-07-16 10,부산 중구,광복동,221112,.007,.4,.027,.014,28,12
2020-07-16 11,부산 중구,광복동,221112,.003,.3,.028,.008,21,14
2020-07-16 12,부산 중구,광복동,221112,.003,.4,.031,.007,19,12
2020-07-16 13,부산 중구,광복동,221112,.003,.3,.033,.006,21,12
2020-07-16 14,부산 중구,광복동,221112,.003,.3,.033,.006,16,13
2020-07-16 15,부산 중구,광복동,221112,.003,.3,.034,.005,13,10
2020-07-16 16,부산 중구,광복동,221112,.003,.3,.031,.005,16,4
2020-07-16 17,부산 중구,광복동,221112,.003,.3,.029,.005,13,5
2020-07-16 18,부산 중구,광복동,221112,.003,.3,.025,.007,15,11
2020-07-16 19,부산 중구,광복동,221112,.003,.3,.022,.011,,11
2020-07-16 20,부산 중구,광복동,221112,.003,.3,.018,.013,10,10
2020-07-16 21,부산 중구,광복동,221112,.003,.3,.019,.012,16,10
2020-07-16 22,부산 중구,광복동,221112,.003,.3,.018,.012,13,12
2020-07-16 23,부산 중구,광복동,221112,.003,.3,.018,.01,13,9
2020-07-16 24,부산 중구,광복동,221112,.003,.3,.02,.008,17,8
2020-07-17 01,부산 중구,광복동,221112,.003,.3,.017,.01,9,9
2020-07-17 02,부산 중구,광복동,221112,.006,.4,.017,.009,14,7
2020-07-17 03,부산 중구,광복동,221112,.005,.4,.017,.009,13,10
2020-07-17 04,부산 중구,광복동,221112,.003,.3,.019,.006,14,
2020-07-17 05,부산 중구,광복동,221112,.003,.3,.018,.007,9,9
2020-07-17 06,부산 중구,광복동,221112,.003,.3,.014,.009,9,5
2020-07-17 07,부산 중구,광복동,221112,.003,.3,.017,.009,14,2
2020-07-17 08,부산 중구,광복동,221112,.003,.3,.02,.009,22,
2020-07-17 09,부산 중구,광복동,221112,.003,.3,.02,.009,14,5
2020-07-17 10,부산 중구,광복동,221112,.004,.3,.024,.01,,10
2020-07-17 11,부산 중구,광복동,221112,.004,.3,.028,.01,,
2020-07-17 12,부산 중구,광복동,221112,.003,.2,.03,.007,,
2020-07-17 13,부산 중구,광복동,221112,.003,.3,.032,.007,22,11
2020-07-17 14,부산 중구,광복동,221112,.003,.3,.032,.007,16,
2020-07-17 15,부산 중구,광복동,221112,.003,.3,.031,.008,11,12
2020-07-17 16,부산 중구,광복동,221112,.003,.3,.029,.008,23,11
2020-07-17 17,부산 중구,광복동,221112,.003,.3,.026,.01,19,10
2020-07-17 18,부산 중구,광복동,221112,.003,.3,.023,.011,16,11
2020-07-17 19,부산 중구,광복동,221112,.004,.3,.02,.013,11,9
2020-07-17 20,부산 중구,광복동,221112,.004,.3,.017,.014,11,9
2020-07-17 21,부산 중구,광복동,221112,.003,.3,.023,.008,12,11
2020-07-17 22,부산 중구,광복동,221112,.003,.3,.022,.007,12,10
2020-07-17 23,부산 중구,광복동,221112,.003,.3,.018,.01,11,10
2020-07-17 24,부산 중구,광복동,221112,.003,.3,.017,.01,10,7
2020-07-18 01,부산 중구,광복동,221112,.005,.3,.017,.011,9,8
2020-07-18 02,부산 중구,광복동,221112,.007,.4,.014,.012,15,11
2020-07-18 03,부산 중구,광복동,221112,.007,.4,.013,.012,22,17
2020-07-18 04,부산 중구,광복동,221112,.006,.4,.014,.01,17,17
2020-07-18 05,부산 중구,광복동,221112,.005,.3,.021,.008,16,13
2020-07-18 06,부산 중구,광복동,221112,.006,.4,.026,.01,19,13
2020-07-18 07,부산 중구,광복동,221112,.005,.4,.02,.009,21,12
2020-07-18 08,부산 중구,광복동,221112,.004,.3,.02,.009,17,12
2020-07-18 09,부산 중구,광복동,221112,.004,.3,.017,.012,15,16
2020-07-18 10,부산 중구,광복동,221112,.004,.3,.022,.011,17,11
2020-07-18 11,부산 중구,광복동,221112,.003,.3,.028,.007,19,11
2020-07-18 12,부산 중구,광복동,221112,.003,.3,.028,.006,14,6
2020-07-18 13,부산 중구,광복동,221112,.003,.3,.028,.007,13,
2020-07-18 14,부산 중구,광복동,221112,.003,.3,.028,.007,10,6
2020-07-18 15,부산 중구,광복동,221112,.003,.3,.029,.006,14,9
2020-07-18 16,부산 중구,광복동,221112,.003,.3,.031,.005,15,9
2020-07-18 17,부산 중구,광복동,221112,.003,.3,.026,.007,11,7
2020-07-18 18,부산 중구,광복동,221112,.003,.3,.02,.011,9,9
2020-07-18 19,부산 중구,광복동,221112,.003,.3,.02,.011,10,8
2020-07-18 20,부산 중구,광복동,221112,.003,.3,.018,.012,11,10
2020-07-18 21,부산 중구,광복동,221112,.003,.3,.014,.015,10,12
2020-07-18 22,부산 중구,광복동,221112,.003,.3,.015,.015,11,10
2020-07-18 23,부산 중구,광복동,221112,.004,.3,.015,.015,12,9
2020-07-18 24,부산 중구,광복동,221112,.004,.3,.008,.018,11,10
2020-07-19 01,부산 중구,광복동,221112,.004,.3,.012,.013,9,8
2020-07-19 02,부산 중구,광복동,221112,.003,.3,.019,.007,10,9
2020-07-19 03,부산 중구,광복동,221112,.003,.3,.016,.009,8,5
2020-07-19 04,부산 중구,광복동,221112,.003,.3,.01,.013,7,2
2020-07-19 05,부산 중구,광복동,221112,.004,.3,.009,.014,8,8
2020-07-19 06,부산 중구,광복동,221112,.004,.3,.009,.014,8,9
2020-07-19 07,부산 중구,광복동,221112,.004,.3,.009,.014,8,6
2020-07-19 08,부산 중구,광복동,221112,.003,.3,.014,.011,10,5
2020-07-19 09,부산 중구,광복동,221112,.003,.3,.009,.016,14,5
2020-07-19 10,부산 중구,광복동,221112,.003,.3,.009,.019,14,4
2020-07-19 11,부산 중구,광복동,221112,.004,.4,.01,.02,17,9
2020-07-19 12,부산 중구,광복동,221112,.003,.4,.016,.018,28,20
2020-07-19 13,부산 중구,광복동,221112,.004,.4,.012,.021,27,18
2020-07-19 14,부산 중구,광복동,221112,.004,.4,.011,.023,27,24
2020-07-19 15,부산 중구,광복동,221112,.004,.4,.013,.025,34,22
2020-07-19 16,부산 중구,광복동,221112,.004,.5,.008,.029,31,23
2020-07-19 17,부산 중구,광복동,221112,.004,.4,.013,.024,32,28
2020-07-19 18,부산 중구,광복동,221112,.003,.4,.013,.019,45,24
2020-07-19 19,부산 중구,광복동,221112,.003,.4,.014,.015,43,21
2020-07-19 20,부산 중구,광복동,221112,.003,.3,.016,.011,26,16
2020-07-19 21,부산 중구,광복동,221112,.003,.3,.018,.008,17,9
2020-07-19 22,부산 중구,광복동,221112,.003,.3,.015,.009,19,9
2020-07-19 23,부산 중구,광복동,221112,.003,.3,.012,.011,17,8
2020-07-19 24,부산 중구,광복동,221112,.003,.3,.013,.009,17,7
2020-07-20 01,부산 중구,광복동,221112,.003,.3,.013,.008,19,6
2020-07-20 02,부산 중구,광복동,221112,.002,.3,.014,.007,21,6
2020-07-20 03,부산 중구,광복동,221112,.002,.3,.013,.007,15,6
2020-07-20 04,부산 중구,광복동,221112,.003,.3,.014,.005,23,9
2020-07-20 05,부산 중구,광복동,221112,.002,.3,.014,.006,19,8
2020-07-20 06,부산 중구,광복동,221112,.002,.3,.015,.006,20,5
2020-07-20 07,부산 중구,광복동,221112,.002,.3,.013,.008,20,6
2020-07-20 08,부산 중구,광복동,221112,.002,.3,.015,.007,23,9
2020-07-20 09,부산 중구,광복동,221112,.002,.3,.018,.005,26,11
2020-07-20 10,부산 중구,광복동,221112,.002,.3,.016,.006,22,9
2020-07-20 11,부산 중구,광복동,221112,.003,.3,.015,.008,27,9
2020-07-20 12,부산 중구,광복동,221112,.003,.3,.015,.009,30,12
2020-07-20 13,부산 중구,광복동,221112,.003,.4,.014,.011,37,12
2020-07-20 14,부산 중구,광복동,221112,.003,.3,.018,.009,35,12
2020-07-20 15,부산 중구,광복동,221112,.003,.3,.018,.009,25,11
2020-07-20 16,부산 중구,광복동,221112,,,,,,9
2020-07-20 17,부산 중구,광복동,221112,,,,,21,11
2020-07-20 18,부산 중구,광복동,221112,.003,.4,.03,.01,18,17
2020-07-20 19,부산 중구,광복동,221112,.003,.5,.027,.014,13,10
2020-07-20 20,부산 중구,광복동,221112,.003,.5,.026,.015,15,11
2020-07-20 21,부산 중구,광복동,221112,.003,.5,.023,.017,19,19
2020-07-20 22,부산 중구,광복동,221112,.003,.5,.021,.019,13,4
2020-07-20 23,부산 중구,광복동,221112,.003,.5,.021,.017,17,17
2020-07-20 24,부산 중구,광복동,221112,.003,.5,.026,.012,19,9
2020-07-21 01,부산 중구,광복동,221112,.004,.5,.022,.015,14,10
2020-07-21 02,부산 중구,광복동,221112,.004,.4,.016,.019,20,12
2020-07-21 03,부산 중구,광복동,221112,.004,.4,.019,.015,18,14
2020-07-21 04,부산 중구,광복동,221112,.003,.4,.019,.015,23,14
2020-07-21 05,부산 중구,광복동,221112,.003,.4,.023,.011,16,13
2020-07-21 06,부산 중구,광복동,221112,.003,.4,.022,.01,13,9
2020-07-21 07,부산 중구,광복동,221112,.003,.5,.017,.013,20,10
2020-07-21 08,부산 중구,광복동,221112,.003,.6,.01,.019,15,14
2020-07-21 09,부산 중구,광복동,221112,.004,.6,.012,.02,25,13
2020-07-21 10,부산 중구,광복동,221112,.004,.5,.018,.018,40,23
2020-07-21 11,부산 중구,광복동,221112,.004,.5,.021,.02,38,15
2020-07-21 12,부산 중구,광복동,221112,.004,.5,.025,.021,31,18
2020-07-21 13,부산 중구,광복동,221112,.003,.5,.034,.018,36,28
2020-07-21 14,부산 중구,광복동,221112,.003,.5,.044,.016,25,25
2020-07-21 15,부산 중구,광복동,221112,.003,.5,.044,.019,32,24
2020-07-21 16,부산 중구,광복동,221112,.003,.5,.041,.019,41,25
2020-07-21 17,부산 중구,광복동,221112,.003,.5,.046,.016,28,17
2020-07-21 18,부산 중구,광복동,221112,.003,.5,.042,.017,28,
2020-07-21 19,부산 중구,광복동,221112,.003,.5,.045,.013,22,15
2020-07-21 20,부산 중구,광복동,221112,.003,.5,.037,.016,20,14
2020-07-21 21,부산 중구,광복동,221112,.003,.5,.034,.018,13,12
2020-07-21 22,부산 중구,광복동,221112,.003,.4,.03,.02,17,10
2020-07-21 23,부산 중구,광복동,221112,.003,.4,.045,.011,16,17
2020-07-21 24,부산 중구,광복동,221112,.003,.4,.05,.01,26,19
2020-07-22 01,부산 중구,광복동,221112,.003,.4,.051,.009,24,24
2020-07-22 02,부산 중구,광복동,221112,.003,.5,.038,.014,16,19
2020-07-22 03,부산 중구,광복동,221112,.003,.4,.028,.023,29,17
2020-07-22 04,부산 중구,광복동,221112,.003,.4,.026,.018,19,19
2020-07-22 05,부산 중구,광복동,221112,.003,.4,.019,.022,19,15
2020-07-22 06,부산 중구,광복동,221112,.003,.4,.029,.011,15,15
2020-07-22 07,부산 중구,광복동,221112,.003,.4,.014,.024,6,11
2020-07-22 08,부산 중구,광복동,221112,.003,.4,.013,.025,10,7
2020-07-22 09,부산 중구,광복동,221112,.003,.5,.02,.023,10,3
2020-07-22 10,부산 중구,광복동,221112,.003,.5,.019,.024,6,2
2020-07-22 11,부산 중구,광복동,221112,.003,.5,.019,.025,6,8
2020-07-22 12,부산 중구,광복동,221112,.003,.4,.033,.019,9,13
2020-07-22 13,부산 중구,광복동,221112,.003,.5,.028,.023,9,11
2020-07-22 14,부산 중구,광복동,221112,.003,.5,.032,.02,7,10
2020-07-22 15,부산 중구,광복동,221112,.003,.5,.028,.025,10,8
2020-07-22 16,부산 중구,광복동,221112,.003,.5,.025,.027,12,7
2020-07-22 17,부산 중구,광복동,221112,.003,.5,.033,.022,21,10
2020-07-22 18,부산 중구,광복동,221112,.003,.5,.032,.019,21,9
2020-07-22 19,부산 중구,광복동,221112,.003,.5,.024,.024,10,11
2020-07-22 20,부산 중구,광복동,221112,.003,.5,.019,.028,8,10
2020-07-22 21,부산 중구,광복동,221112,.003,.4,.027,.017,9,9
2020-07-22 22,부산 중구,광복동,221112,.003,.4,.027,.016,12,10
2020-07-22 23,부산 중구,광복동,221112,.003,.4,.018,.024,11,9
2020-07-22 24,부산 중구,광복동,221112,.003,.4,.018,.025,10,11
2020-07-23 01,부산 중구,광복동,221112,.003,.4,.02,.022,8,12
2020-07-23 02,부산 중구,광복동,221112,.003,.4,.019,.022,9,
2020-07-23 03,부산 중구,광복동,221112,.003,.4,.017,.021,11,10
2020-07-23 04,부산 중구,광복동,221112,.004,.4,.018,.018,15,8
2020-07-23 05,부산 중구,광복동,221112,.004,.4,.014,.022,19,10
2020-07-23 06,부산 중구,광복동,221112,.004,.4,.021,.015,15,14
2020-07-23 07,부산 중구,광복동,221112,.004,.4,.015,.019,15,13
2020-07-23 08,부산 중구,광복동,221112,.004,.4,.008,.027,23,23
2020-07-23 09,부산 중구,광복동,221112,.004,.4,.013,.029,20,18
2020-07-23 10,부산 중구,광복동,221112,.004,.4,.022,.024,12,7
2020-07-23 11,부산 중구,광복동,221112,.003,.3,.031,.017,10,8
2020-07-23 12,부산 중구,광복동,221112,.003,.3,.036,.011,6,8
2020-07-23 13,부산 중구,광복동,221112,.003,.3,.034,.011,6,8
2020-07-23 14,부산 중구,광복동,221112,.003,.3,.031,.013,6,2
2020-07-23 15,부산 중구,광복동,221112,.003,.3,.034,.009,2,2
2020-07-23 16,부산 중구,광복동,221112,.003,.3,.027,.015,2,4
2020-07-23 17,부산 중구,광복동,221112,.003,.3,.025,.016,3,6
2020-07-23 18,부산 중구,광복동,221112,.003,.3,.023,.013,4,6
2020-07-23 19,부산 중구,광복동,221112,.003,.4,.017,.016,4,6
2020-07-23 20,부산 중구,광복동,221112,.003,.4,.017,.016,3,7
2020-07-23 21,부산 중구,광복동,221112,.003,.3,.011,.019,4,4
2020-07-23 22,부산 중구,광복동,221112,.003,.3,.017,.012,4,3
2020-07-23 23,부산 중구,광복동,221112,.003,.4,.016,.013,4,3
2020-07-23 24,부산 중구,광복동,221112,.002,.3,.023,.009,4,2
2020-07-24 01,부산 중구,광복동,221112,.002,.3,.029,.008,4,3
2020-07-24 02,부산 중구,광복동,221112,.003,.4,.026,.013,6,5
2020-07-24 03,부산 중구,광복동,221112,.003,.4,.023,.015,14,4
2020-07-24 04,부산 중구,광복동,221112,.003,.3,.026,.011,16,5
2020-07-24 05,부산 중구,광복동,221112,.003,.3,.023,.012,23,10
2020-07-24 06,부산 중구,광복동,221112,.003,.3,.02,.014,20,7
2020-07-24 07,부산 중구,광복동,221112,.003,.3,.023,.013,16,3
2020-07-24 08,부산 중구,광복동,221112,.003,.3,.025,.012,17,6
2020-07-24 09,부산 중구,광복동,221112,.003,.3,.024,.012,25,9
2020-07-24 10,부산 중구,광복동,221112,.003,.3,.027,.01,25,10
2020-07-24 11,부산 중구,광복동,221112,.003,.4,.032,.008,21,9
2020-07-24 12,부산 중구,광복동,221112,.003,.4,.032,.011,23,7
2020-07-24 13,부산 중구,광복동,221112,.003,.4,.037,.008,25,11
2020-07-24 14,부산 중구,광복동,221112,.003,.4,.038,.008,23,11
2020-07-24 15,부산 중구,광복동,221112,.003,.4,.04,.008,15,6
2020-07-24 16,부산 중구,광복동,221112,.003,.4,.039,.008,18,5
2020-07-24 17,부산 중구,광복동,221112,.003,.4,.038,.009,25,16
2020-07-24 18,부산 중구,광복동,221112,.003,.4,.037,.009,22,6
2020-07-24 19,부산 중구,광복동,221112,.003,.3,.036,.009,28,9
2020-07-24 20,부산 중구,광복동,221112,.003,.4,.033,.01,22,7
2020-07-24 21,부산 중구,광복동,221112,.003,.4,.032,.01,19,2
2020-07-24 22,부산 중구,광복동,221112,.003,.3,.034,.008,18,4
2020-07-24 23,부산 중구,광복동,221112,.002,.3,.034,.007,12,6
2020-07-24 24,부산 중구,광복동,221112,.003,.3,.036,.005,12,5
2020-07-25 01,부산 중구,광복동,221112,.003,.3,.03,.008,8,4
2020-07-25 02,부산 중구,광복동,221112,.003,.3,.026,.008,9,3
2020-07-25 03,부산 중구,광복동,221112,.003,.3,.026,.008,12,4
2020-07-25 04,부산 중구,광복동,221112,.003,.3,.027,.006,6,2
2020-07-25 05,부산 중구,광복동,221112,.003,.4,.025,.007,6,6
2020-07-25 06,부산 중구,광복동,221112,.003,.4,.012,.018,11,10
2020-07-25 07,부산 중구,광복동,221112,.003,.4,.016,.017,15,16
2020-07-25 08,부산 중구,광복동,221112,.003,.4,.012,.02,22,9
2020-07-25 09,부산 중구,광복동,221112,.003,.4,.011,.022,20,8
2020-07-25 10,부산 중구,광복동,221112,.003,.4,.016,.018,28,18
2020-07-25 11,부산 중구,광복동,221112,.003,.4,.021,.016,26,20
2020-07-25 12,부산 중구,광복동,221112,.003,.4,.025,.013,31,16
2020-07-25 13,부산 중구,광복동,221112,.003,.4,.03,.011,37,13
2020-07-25 14,부산 중구,광복동,221112,.003,.4,.03,.011,35,19
2020-07-25 15,부산 중구,광복동,221112,.003,.4,.032,.011,40,23
2020-07-25 16,부산 중구,광복동,221112,.003,.4,.033,.01,37,23
2020-07-25 17,부산 중구,광복동,221112,.003,.4,.035,.01,29,20
2020-07-25 18,부산 중구,광복동,221112,.003,.4,.035,.011,33,10
2020-07-25 19,부산 중구,광복동,221112,.003,.4,.035,.011,27,12
2020-07-25 20,부산 중구,광복동,221112,.003,.4,.031,.012,32,17
2020-07-25 21,부산 중구,광복동,221112,.003,.4,.028,.013,30,19
2020-07-25 22,부산 중구,광복동,221112,.003,.4,.028,.011,26,10
2020-07-25 23,부산 중구,광복동,221112,.003,.3,.027,.009,28,10
2020-07-25 24,부산 중구,광복동,221112,.003,.3,.027,.007,21,12
2020-07-26 01,부산 중구,광복동,221112,.003,.3,.025,.008,25,10
2020-07-26 02,부산 중구,광복동,221112,.003,.3,.025,.009,20,7
2020-07-26 03,부산 중구,광복동,221112,.003,.3,.024,.009,20,9
2020-07-26 04,부산 중구,광복동,221112,.003,.3,.027,.007,21,10
2020-07-26 05,부산 중구,광복동,221112,.003,.3,.023,.01,23,7
2020-07-26 06,부산 중구,광복동,221112,.003,.3,.023,.009,19,6
2020-07-26 07,부산 중구,광복동,221112,.003,.3,.026,.009,13,10
2020-07-26 08,부산 중구,광복동,221112,.003,.3,.026,.008,14,10
2020-07-26 09,부산 중구,광복동,221112,.003,.3,.024,.011,12,6
2020-07-26 10,부산 중구,광복동,221112,.003,.3,.024,.013,15,6
2020-07-26 11,부산 중구,광복동,221112,.003,.4,.028,.012,16,10
2020-07-26 12,부산 중구,광복동,221112,.003,.3,.033,.008,16,6
2020-07-26 13,부산 중구,광복동,221112,.003,.3,.037,.006,20,6
2020-07-26 14,부산 중구,광복동,221112,.003,.3,.037,.007,11,
2020-07-26 15,부산 중구,광복동,221112,.003,.3,.037,.008,16,17
2020-07-26 16,부산 중구,광복동,221112,.003,.3,.041,.007,19,12
2020-07-26 17,부산 중구,광복동,221112,.004,.4,.037,.012,20,11
2020-07-26 18,부산 중구,광복동,221112,.004,.4,.038,.015,21,10
2020-07-26 19,부산 중구,광복동,221112,.003,.4,.058,.007,22,21
2020-07-26 20,부산 중구,광복동,221112,.003,.4,.053,.007,25,20
2020-07-26 21,부산 중구,광복동,221112,.004,.5,.021,.031,23,13
2020-07-26 22,부산 중구,광복동,221112,.004,.4,.038,.014,34,20
2020-07-26 23,부산 중구,광복동,221112,.003,.4,.031,.015,25,19
2020-07-26 24,부산 중구,광복동,221112,.003,.4,.029,.014,22,24
2020-07-27 01,부산 중구,광복동,221112,.004,.4,.022,.021,24,16
2020-07-27 02,부산 중구,광복동,221112,.005,.4,.008,.033,16,19
2020-07-27 03,부산 중구,광복동,221112,.006,.4,.008,.031,22,16
2020-07-27 04,부산 중구,광복동,221112,.005,.4,.021,.019,25,18
2020-07-27 05,부산 중구,광복동,221112,.004,.4,.016,.02,24,
2020-07-27 06,부산 중구,광복동,221112,.005,.4,.011,.024,26,20
2020-07-27 07,부산 중구,광복동,221112,.005,.4,.008,.022,26,
2020-07-27 08,부산 중구,광복동,221112,.005,.4,.01,.022,33,21
2020-07-27 09,부산 중구,광복동,221112,.004,.4,.01,.023,34,22
2020-07-27 10,부산 중구,광복동,221112,.005,.4,.013,.023,29,22
2020-07-27 11,부산 중구,광복동,221112,.003,.4,.018,.021,28,23
2020-07-27 12,부산 중구,광복동,221112,.003,.4,.018,.022,22,18
2020-07-27 13,부산 중구,광복동,221112,.003,.4,.027,.017,28,18
2020-07-27 14,부산 중구,광복동,221112,.003,.4,.024,.019,22,19
2020-07-27 15,부산 중구,광복동,221112,.003,.4,.02,.022,15,17
2020-07-27 16,부산 중구,광복동,221112,,,,,,
2020-07-27 17,부산 중구,광복동,221112,.003,.4,.017,.02,21,13
2020-07-27 18,부산 중구,광복동,221112,.003,.4,.012,.027,10,2
2020-07-27 19,부산 중구,광복동,221112,.004,.4,.01,.027,10,2
2020-07-27 20,부산 중구,광복동,221112,.004,.4,.014,.023,10,10
2020-07-27 21,부산 중구,광복동,221112,.003,.4,.019,.019,7,9
2020-07-27 22,부산 중구,광복동,221112,.003,.4,.014,.024,4,8
2020-07-27 23,부산 중구,광복동,221112,.003,.4,.017,.019,3,6
2020-07-27 24,부산 중구,광복동,221112,.003,.4,.013,.019,6,9
2020-07-28 01,부산 중구,광복동,221112,.003,.4,.01,.024,7,6
2020-07-28 02,부산 중구,광복동,221112,.003,.4,.009,.024,6,6
2020-07-28 03,부산 중구,광복동,221112,.003,.4,.01,.024,7,9
2020-07-28 04,부산 중구,광복동,221112,.003,.4,.011,.022,9,9
2020-07-28 05,부산 중구,광복동,221112,.003,.4,.009,.022,8,9
2020-07-28 06,부산 중구,광복동,221112,.004,.5,.008,.022,7,11
2020-07-28 07,부산 중구,광복동,221112,.004,.5,.008,.023,,13
2020-07-28 08,부산 중구,광복동,221112,.004,.4,.007,.026,13,11
2020-07-28 09,부산 중구,광복동,221112,.003,.4,.006,.028,11,7
2020-07-28 10,부산 중구,광복동,221112,.004,.5,.009,.027,15,7
2020-07-28 11,부산 중구,광복동,221112,.005,.5,.011,.029,16,8
2020-07-28 12,부산 중구,광복동,221112,.005,.5,.012,.033,21,10
2020-07-28 13,부산 중구,광복동,221112,.004,.4,.013,.029,15,13
2020-07-28 14,부산 중구,광복동,221112,.004,.4,.015,.026,12,12
2020-07-28 15,부산 중구,광복동,221112,.004,.4,.012,.028,12,
2020-07-28 16,부산 중구,광복동,221112,.005,.4,.011,.028,15,12
2020-07-28 17,부산 중구,광복동,221112,.004,.4,.008,.03,19,10
2020-07-28 18,부산 중구,광복동,221112,.004,.4,.006,.03,12,9
2020-07-28 19,부산 중구,광복동,221112,.004,.4,.007,.031,12,11
2020-07-28 20,부산 중구,광복동,221112,.004,.4,.009,.029,11,11
2020-07-28 21,부산 중구,광복동,221112,.003,.4,.01,.027,9,9
2020-07-28 22,부산 중구,광복동,221112,.003,.4,.01,.027,8,5
2020-07-28 23,부산 중구,광복동,221112,.003,.4,.008,.027,11,8
2020-07-28 24,부산 중구,광복동,221112,.003,.5,.004,.029,14,13
2020-07-29 01,부산 중구,광복동,221112,.003,.5,.004,.028,13,12
2020-07-29 02,부산 중구,광복동,221112,.003,.5,.004,.028,13,10
2020-07-29 03,부산 중구,광복동,221112,.003,.4,.004,.029,17,11
2020-07-29 04,부산 중구,광복동,221112,.003,.4,.005,.028,13,
2020-07-29 05,부산 중구,광복동,221112,.003,.4,.004,.027,13,7
2020-07-29 06,부산 중구,광복동,221112,.003,.4,.005,.026,22,10
2020-07-29 07,부산 중구,광복동,221112,.003,.5,.005,.024,14,16
2020-07-29 08,부산 중구,광복동,221112,.004,.6,.005,.022,11,12
2020-07-29 09,부산 중구,광복동,221112,.003,.4,.007,.026,19,18
2020-07-29 10,부산 중구,광복동,221112,.004,.5,.008,.024,11,12
2020-07-29 11,부산 중구,광복동,221112,.005,.4,.008,.028,21,13
2020-07-29 12,부산 중구,광복동,221112,.004,.4,.015,.023,22,16
2020-07-29 13,부산 중구,광복동,221112,.003,.4,.014,.022,12,9
2020-07-29 14,부산 중구,광복동,221112,.003,.4,.011,.024,17,10
2020-07-29 15,부산 중구,광복동,221112,.004,.4,.013,.023,14,9
2020-07-29 16,부산 중구,광복동,221112,.004,.4,.012,.025,15,10
2020-07-29 17,부산 중구,광복동,221112,.004,.4,.01,.026,,8
2020-07-29 18,부산 중구,광복동,221112,.003,.4,.012,.02,5,8
2020-07-29 19,부산 중구,광복동,221112,.003,.4,.006,.022,12,16
2020-07-29 20,부산 중구,광복동,221112,.003,.4,.005,.024,17,14
2020-07-29 21,부산 중구,광복동,221112,.003,.5,.005,.025,13,14
2020-07-29 22,부산 중구,광복동,221112,.003,.6,.005,.023,20,12
2020-07-29 23,부산 중구,광복동,221112,.003,.7,.006,.022,13,9
2020-07-29 24,부산 중구,광복동,221112,.004,.7,.006,.021,21,17
2020-07-30 01,부산 중구,광복동,221112,.005,.5,.006,.025,27,18
2020-07-30 02,부산 중구,광복동,221112,.005,.5,.005,.031,26,20
2020-07-30 03,부산 중구,광복동,221112,.004,.4,.005,.031,21,11
2020-07-30 04,부산 중구,광복동,221112,.003,.4,.005,.027,13,12
2020-07-30 05,부산 중구,광복동,221112,.003,.4,.005,.025,9,7
2020-07-30 06,부산 중구,광복동,221112,.003,.4,.005,.024,8,4
2020-07-30 07,부산 중구,광복동,221112,.003,.5,.006,.022,18,11
2020-07-30 08,부산 중구,광복동,221112,.003,.5,.007,.022,17,13
2020-07-30 09,부산 중구,광복동,221112,.003,.4,.009,.022,26,16
2020-07-30 10,부산 중구,광복동,221112,.003,.4,,.021,23,21
2020-07-30 11,부산 중구,광복동,221112,.003,.4,.012,.017,25,25
2020-07-30 12,부산 중구,광복동,221112,.003,.4,.014,.017,23,18
2020-07-30 13,부산 중구,광복동,221112,.003,.4,.032,.013,31,22
2020-07-30 14,부산 중구,광복동,221112,.003,.4,.044,.013,18,9
2020-07-30 15,부산 중구,광복동,221112,.003,.4,.034,.022,16,5
2020-07-30 16,부산 중구,광복동,221112,.004,.4,.027,.029,22,6
2020-07-30 17,부산 중구,광복동,221112,.003,.4,.03,.026,27,12
2020-07-30 18,부산 중구,광복동,221112,.003,.4,.026,.023,30,11
2020-07-30 19,부산 중구,광복동,221112,.003,.4,.025,.016,17,11
2020-07-30 20,부산 중구,광복동,221112,.003,.4,.025,.013,7,11
2020-07-30 21,부산 중구,광복동,221112,.002,.4,.025,.01,9,11
2020-07-30 22,부산 중구,광복동,221112,.003,.4,.02,.013,10,9
2020-07-30 23,부산 중구,광복동,221112,.002,.4,.019,.01,11,6
2020-07-30 24,부산 중구,광복동,221112,.002,.3,.021,.007,13,7
2020-07-31 01,부산 중구,광복동,221112,.002,.4,.016,.01,11,9
2020-07-31 02,부산 중구,광복동,221112,.002,.4,.014,.011,11,6
2020-07-31 03,부산 중구,광복동,221112,.003,.4,.012,.013,12,3
2020-07-31 04,부산 중구,광복동,221112,.003,.4,.011,.014,13,6
2020-07-31 05,부산 중구,광복동,221112,.003,.4,.006,.018,12,4
2020-07-31 06,부산 중구,광복동,221112,.004,.5,.006,.019,22,17
2020-07-31 07,부산 중구,광복동,221112,.004,.6,.006,.02,27,18
2020-07-31 08,부산 중구,광복동,221112,.004,.6,.008,.022,44,21
2020-07-31 09,부산 중구,광복동,221112,.004,.5,.01,.023,32,22
2020-07-31 10,부산 중구,광복동,221112,.004,.5,.014,.021,24,14
2020-07-31 11,부산 중구,광복동,221112,.003,.4,.02,.014,39,18
2020-07-31 12,부산 중구,광복동,221112,.003,.4,.026,.009,18,14
2020-07-31 13,부산 중구,광복동,221112,.003,.4,.03,.012,15,8
2020-07-31 14,부산 중구,광복동,221112,.003,.5,.038,.024,15,7
2020-07-31 15,부산 중구,광복동,221112,.004,.4,.037,.019,59,34
2020-07-31 16,부산 중구,광복동,221112,.004,.4,.044,.018,46,23
2020-07-31 17,부산 중구,광복동,221112,.004,.4,.03,.018,42,22
2020-07-31 18,부산 중구,광복동,221112,.004,.4,.016,.019,37,25
2020-07-31 19,부산 중구,광복동,221112,.004,.4,.01,.026,28,16
2020-07-31 20,부산 중구,광복동,221112,.004,.5,.015,.031,32,14
2020-07-31 21,부산 중구,광복동,221112,.003,.5,.021,.031,29,13
2020-07-31 22,부산 중구,광복동,221112,.004,.5,.013,.023,36,23
2020-07-31 23,부산 중구,광복동,221112,.003,.4,.013,.014,33,19
2020-07-31 24,부산 중구,광복동,221112,.003,.4,.009,.017,24,13
