지점,일시,평균기온(°C),최저기온(°C),최저기온 시각(hhmi),최고기온(°C),최고기온 시각(hhmi),강수 계속시간(hr),10분 최다 강수량(mm),10분 최다강수량 시각(hhmi),1시간 최다강수량(mm),1시간 최다 강수량 시각(hhmi),일강수량(mm),최대 순간 풍속(m/s),최대 순간 풍속 풍향(16방위),최대 순간풍속 시각(hhmi),최대 풍속(m/s),최대 풍속 풍향(16방위),최대 풍속 시각(hhmi),평균 풍속(m/s),풍정합(100m),평균 이슬점온도(°C),최소 상대습도(%),최소 상대습도 시각(hhmi),평균 상대습도(%),평균 증기압(hPa),평균 현지기압(hPa),최고 해면기압(hPa),최고 해면기압 시각(hhmi),최저 해면기압(hPa),최저 해면기압 시각(hhmi),평균 해면기압(hPa),가조시간(hr),합계 일조시간(hr),1시간 최다일사 시각(hhmi),1시간 최다일사량(MJ/m2),합계 일사량(MJ/m2),일 최심신적설(cm),일 최심신적설 시각(hhmi),일 최심적설(cm),일 최심적설 시각(hhmi),합계 3시간 신적설(cm),평균 전운량(1/10),평균 중하층운량(1/10),평균 지면온도(°C),최저 초상온도(°C),평균 5cm 지중온도(°C),평균 10cm 지중온도(°C),평균 20cm 지중온도(°C),평균 30cm 지중온도(°C),0.5m 지중온도(°C),1.0m 지중온도(°C),1.5m 지중온도(°C),3.0m 지중온도(°C),5.0m 지중온도(°C),합계 대형증발량(mm),합계 소형증발량(mm),9-9강수(mm),안개 계속시간(hr)
159,2020-01-01,1.9,-3.2,134,7.8,1418,,,,,,,10.5,50,256,5.1,20,302,2.3,1987,-9.3,21,8,44,3.2,1021,1031.7,935,1028.5,1438,1029.8,9.8,9.3,1200,2.05,12.32,,,,,,1,0,1.2,-8.5,5.1,5.1,6.6,7.6,8.5,12.3,14.8,18.4,19.3,1.9,2.8,,
159,2020-01-02,4.1,.5,425,9.6,1417,,,,,,,9.7,290,225,4.9,320,231,2.8,2445,-4.7,38,1418,53.1,4.3,1018.8,1030.2,919,1025.9,1411,1027.5,9.9,9.1,1200,1.94,11.17,,,,,,.4,0,2.9,-4,5.4,5.5,6.5,7.2,8.1,12,14.6,18.4,19.1,1.9,2.7,,
159,2020-01-03,5.9,2.3,521,11.6,1426,,,,,,,12.6,270,144,6.5,290,234,3,2581,-6.1,27,1521,43,3.9,1015.5,1026.3,6,1022.2,1441,1024.1,9.9,9.2,1200,2.09,12.09,,,,,,.1,0,3.2,-4.3,5.9,5.8,6.7,7.3,8,12,14.5,18.3,19.1,2.4,3.5,,
159,2020-01-04,5.5,2,709,9.7,1441,,,,,,,12.5,340,240,6.5,340,253,2.9,2511,-8.8,27,1016,34.8,3.2,1015.3,1026.5,2318,1021.6,1353,1024,9.9,8.4,1300,1.93,10.85,,,,,,2.5,0,3.3,-5,5.7,5.7,6.6,7.3,8,11.8,14.5,18.2,19.2,2.3,3.3,,
159,2020-01-05,7.4,2.6,452,13.5,1333,,,,,,,7.7,320,25,4.2,340,2,1.3,1142,-2.3,35,1113,51.1,5.3,1020.6,1030.7,1003,1026.2,41,1029.3,9.9,9.2,1200,2.03,11.9,,,,,,1,0,3.6,-6,6,6,6.7,7.2,7.8,11.7,14.3,18.2,19.2,1.7,2.4,.9,
159,2020-01-06,7.8,5.5,149,9,1256,16.25,,,,,10.7,6,110,2214,3.1,50,2009,1.5,1305,6,64,5,89.4,9.5,1017.8,1030,1,1022,2359,1026.4,9.9,0,1000,.31,1.72,,,,,,9.8,8.1,6.5,-4.4,6.6,6.6,7.2,7.6,8,11.5,14.2,18.1,19.1,.3,.5,22.7,
159,2020-01-07,14.4,9,1,17.7,1621,19.58,,,,,26.3,28.9,200,2157,15.9,250,2205,6.1,5302,13.7,71,2247,96.6,15.9,1003.8,1022,1,1002,2157,1012.1,9.9,0,1400,.15,.7,,,,,,10,7.1,12.1,8.8,9.7,9.3,8.7,8.4,8.5,11.5,14.1,18.1,19.1,1.2,1.7,13.4,
159,2020-01-08,8.8,4.9,2348,15,1,.17,,,,,0,22,250,310,12.9,250,326,6.4,5568,2.1,49,1330,63.5,7.2,1003.8,1019.5,2137,1001.2,54,1012.3,9.9,9,1200,2.28,12.12,,,,,,4.1,3.9,8.9,2.7,10.3,10.2,10.1,9.7,9.5,11.3,14,18.1,19,2,2.9,,
159,2020-01-09,5.3,2.3,718,9.8,1350,,,,,,,13.8,290,45,6.4,290,231,2.6,2207,-5.3,32,1353,48,4.2,1012.2,1022,2107,1018.9,9,1020.8,9.9,7.6,1200,1.78,10.61,,,,,,4.5,0,5.1,-1.3,7.8,7.9,8.8,9.2,9.5,11.5,13.8,18,19.1,2.1,2.9,,
159,2020-01-10,5.9,.9,646,12.3,1406,,,,,,,9.3,360,210,4.1,340,148,1.8,1515,-6.6,33,1153,40.5,3.8,1012.8,1023.8,955,1019.3,2329,1021.4,10,9.2,1200,2.08,11.99,,,,,,1.6,0,3.7,-7.3,6.8,6.8,7.8,8.5,9,11.5,13.8,17.9,19,2.5,3.6,,
159,2020-01-11,5.9,1.9,752,10.5,1553,,,,,,,10.5,290,1337,6.5,290,1342,3.3,2810,-6.8,33,1515,39.5,3.7,1008.7,1019.7,1021,1015.3,1431,1017.3,10,9.1,1200,2.08,12.5,,,,,,3.6,.5,4.2,-1.3,6.6,6.6,7.5,8.1,8.7,11.5,13.7,17.8,19,2.5,3.5,,
159,2020-01-12,4.6,2,759,8.8,1540,,,,,,,14.9,270,2154,8.1,290,2129,4.4,3805,-6.4,31,1330,45.4,3.8,1006.6,1017.9,2349,1013,1501,1015.2,10,9,1200,2.15,12.84,,,,,,2.9,1.4,4.2,-.1,6.6,6.6,7.4,7.9,8.4,11.5,13.7,17.7,18.8,2.6,3.6,,
159,2020-01-13,3.5,1,719,8.1,1543,,,,,,,12.9,270,7,7,290,22,3.3,2885,-6.8,35,1648,47.3,3.7,1012.3,1023.6,2357,1017.3,102,1021,10,9.4,1200,2.16,12.4,,,,,,1.3,1.3,2.7,-5.2,5.9,5.8,6.9,7.5,8.2,11.4,13.7,17.7,19,2.1,3.1,,
159,2020-01-14,2.1,-.3,617,5.5,1512,,,,,,,10.5,20,218,6.2,360,634,2.4,2054,-10.2,33,639,39.8,2.8,1015,1025.9,2320,1021.5,639,1023.8,10,1.6,1200,1.04,5.87,,,,,,6.1,5.9,2.6,-5.8,5.1,5.4,6.5,7.3,7.9,11.2,13.4,17.6,18.8,1.4,2.1,,
159,2020-01-15,2.4,-.4,731,7,1520,,,,,,,8.8,290,1250,4.9,320,1213,2.7,2323,-10.1,25,2116,39.6,2.9,1017.2,1027.7,1033,1024.1,1419,1025.9,10,9.3,1200,2.23,13.32,,,,,,.3,0,1.8,-8.8,4.8,4.9,6,6.8,7.5,11.2,13.5,17.5,18.8,2.3,3.3,,
159,2020-01-16,3.8,-.3,442,9.5,1411,,,,,,,8.7,320,49,5.4,340,55,2.2,1891,-12,18,1552,31.1,2.5,1015.7,1026.4,851,1022.5,1603,1024.4,10.1,6.1,1300,2.02,10.67,,,,,,7.5,2.5,2.8,-7.8,5,4.8,5.8,6.5,7.2,10.9,13.3,17.4,18.8,2.1,3,,
159,2020-01-17,6.4,3.2,724,11.8,1408,,,,,,,8,320,2347,4.9,340,2351,1.7,1474,-6.5,24,46,39.6,4,1011.6,1022.8,1,1018.3,1552,1020.2,10.1,6.8,1200,1.36,8.72,,,,,,7.3,6,5.1,-.6,6.1,6,6.4,6.8,7.3,10.9,13.3,17.5,18.7,1.8,2.6,2.6,
159,2020-01-18,5.3,1.4,715,9.8,1328,5.57,,,,,2.6,13.1,360,840,6.6,340,844,3.2,2729,-2.2,30,2306,60.9,5.3,1009.8,1019.9,2108,1016.9,528,1018.4,10.1,3.2,1200,1.44,7.32,,,,,,8,7,5.7,-.6,6.4,6.3,6.8,7.1,7.6,10.6,13.2,17.4,18.6,1.8,2.6,0,
159,2020-01-19,4.9,2.1,610,9.4,1429,,,,,,,11.6,270,1230,6.2,290,1242,3.9,3333,-7.4,29,324,40.9,3.6,1009.8,1019.8,2400,1016.6,1431,1018.4,10.1,4.6,1300,2,8.89,,,,,,3.5,2.5,3.7,-3.2,5.8,5.9,6.7,7.2,7.7,10.7,13.1,17.2,18.7,2,2.8,,
159,2020-01-20,5.1,1.6,747,9.8,1540,,,,,,,9.2,250,1348,6.1,250,1405,2.7,2358,-5.8,34,1604,45.6,4,1012.8,1024.7,2335,1019.2,1421,1021.4,10.2,9.2,1300,2.09,12.44,,,,,,.1,.1,3.3,-6,5.6,5.6,6.4,7,7.5,10.7,13.1,17.2,18.7,2.4,3.4,,
159,2020-01-21,5,.1,728,10.3,1424,,,,,,,9.5,340,643,5.9,340,655,2.2,1925,-5.6,23,1020,47.5,4.3,1019.9,1030.8,1026,1024.6,1,1028.6,10.2,9.8,1200,2.28,14,,,,,,1.6,0,2.7,-4.4,5.6,5.5,6.3,6.9,7.3,10.6,13.1,17.3,18.7,1.9,2.7,,
159,2020-01-22,7.7,4.8,5,9.3,1518,12.42,,,,,9.6,9.8,50,2314,5.6,50,2314,1.8,1525,4.6,63,1,82.3,8.7,1015.4,1028.7,19,1020.1,2353,1023.9,10.2,0,1300,.26,1.52,,,,,,9.9,9.1,6.4,-1.9,6.2,6.2,6.7,7,7.4,10.5,12.8,17.1,18.6,.4,.6,14.5,
159,2020-01-23,8.8,8.1,2255,10.1,1322,10.58,,,,,4.9,9.9,20,650,5.7,50,158,2.6,2220,8.3,90,2332,97.1,10.9,1012.9,1024.6,2154,1018.2,406,1021.4,10.2,0,1200,.51,2.34,,,,,,9.8,7.1,8.6,4.3,8,7.8,7.8,7.6,7.8,10.4,12.9,17.1,18.6,.5,.7,0,
159,2020-01-24,10.2,5.9,747,15.9,1336,,,,,,,9,50,1119,4.3,50,1702,2.4,2053,3.4,42,931,64,7.8,1019.2,1030.4,2339,1024.2,105,1027.7,10.2,8.5,1100,2.06,12.13,,,,,,6.6,3,8.1,-.3,8.5,8.2,8.2,8.2,8.2,10.5,12.9,17.1,18.6,2.3,3.4,0,
159,2020-01-25,9.1,8,2354,11.6,1235,1.08,,,,,0,9.5,50,434,4.5,50,31,2.9,2469,3,54,1239,66,7.6,1019.8,1030.3,1046,1027,2057,1028.3,10.3,.1,1200,1.15,5.12,,,,,,9.6,7.3,8.5,5.8,8.8,8.7,8.8,8.7,8.6,10.5,12.9,17.1,18.5,1.4,2,,
159,2020-01-26,9.5,7.4,721,13.8,1107,.92,,,,,0,15.2,20,2246,6.5,50,2243,3.9,3349,2.9,52,1057,64,7.6,1016.1,1027.4,1,1022.6,2358,1024.6,10.3,3.2,1100,1.45,7.48,,,,,,9.3,5.1,7.9,3.8,8.6,8.5,8.7,8.8,8.8,10.6,12.7,16.9,18.5,1.7,2.4,12.1,
159,2020-01-27,6.7,4.8,1652,10,43,24,,,,,73.3,18.6,50,1056,9.5,50,1116,6,5213,6,71,1,96,9.4,1006.4,1022.6,1,1011.3,1523,1015,10.3,0,1300,.11,.42,,,,,,10,8.8,6.8,4.6,7.8,7.8,8.5,8.7,9.1,10.6,12.7,17,18.5,.4,.6,61.5,
159,2020-01-28,8.9,6,1,13.1,1135,2.8,,,,,.3,14.5,20,949,6.2,20,807,3.8,3271,3.4,56,1631,69.6,7.9,1006.6,1017.3,2157,1013,231,1015.1,10.4,7,1100,1.81,10.18,,,,,,8.6,7.9,8.1,2,8.2,8,8.1,8.1,8.6,10.4,12.4,16.8,18.3,1.8,2.6,,
159,2020-01-29,8.5,6.6,2300,13,1204,2.25,,,,,0,9.5,20,912,4.9,50,456,2.2,1884,1,46,1134,59.6,6.6,1005.7,1016.8,1,1012.6,1604,1014.2,10.4,3.7,1100,1.88,7.33,,,,,,9.3,6.8,7.6,4.2,8.4,8.3,8.6,8.6,8.7,10.4,12.3,16.6,18.4,1.5,2.1,0,
159,2020-01-30,7.1,4.2,2354,12.9,1226,.75,,,,,0,8.7,50,2035,4,20,2035,2.3,1965,-1.5,32,1227,55.3,5.5,1005,1016.6,2322,1011.7,1419,1013.5,10.4,4.8,1100,2.19,9.77,,,,,,6.3,4.9,6.8,-.4,8.4,8.3,8.6,8.7,8.9,10.4,12.3,16.6,18.2,1.8,2.5,0,
159,2020-01-31,6.3,2.3,552,11.2,1149,,,,,,,7.7,320,2339,5,270,1533,2,1738,-3.1,35,1336,51.8,4.9,1010.1,1020.9,2342,1016.4,11,1018.7,10.4,8.4,1100,2.26,12.86,,,,,,2.9,2.5,5.1,-5.3,7.4,7.4,8.1,8.4,8.7,10.5,12.2,16.5,18.3,2.2,3.2,,
159,2020-02-01,5.6,1.5,730,10.4,1409,,,,,,,9.8,20,1426,5,290,1251,2.4,2111,-4.2,34,1342,50.1,4.5,1014.6,1024.9,2356,1020.7,35,1023.3,10.5,9.7,1200,2.37,14.67,,,,,,.5,0,4.5,-5.2,7,7,7.7,8.1,8.5,10.6,12.3,16.4,18.3,2.3,3.2,,
159,2020-02-02,7.1,3.3,546,11.7,1358,,,,,,,8.5,250,1348,5.6,270,1548,2.1,1856,-3.1,29,1441,49.9,4.9,1015.3,1025.9,843,1022,1628,1023.8,10.5,9.7,1200,2.26,13.97,,,,,,1.6,0,4.9,-5.8,6.8,6.7,7.4,7.8,8.3,10.6,12.4,16.4,18.2,2.5,3.6,,
159,2020-02-03,5.6,2.4,735,10.4,1512,,,,,,,8.7,320,1132,4.7,340,2247,2.2,1878,-6.1,33,1455,42.8,3.9,1015.7,1026.2,2328,1022,318,1024.3,10.5,9.7,1300,2.25,14.22,,,,,,1.8,.4,4.6,-2.8,6.9,6.8,7.4,7.7,8.1,10.4,12.3,16.3,18,2.8,4,,
159,2020-02-04,5.2,.3,731,10.1,1422,,,,,,,9.9,360,427,6.3,340,401,3.9,3410,-9.8,20,1137,34,3,1015.8,1026.6,839,1022.2,1644,1024.5,10.6,9.9,1200,2.49,15.85,,,,,,0,0,3.9,-1.5,6.4,6.2,7,7.5,8,10.5,12.3,16.3,18.2,3.3,4.7,,
159,2020-02-05,1.8,-2.4,2357,5,1327,,,,,,,14.7,290,317,8.9,290,314,3.6,3145,-17,14,1331,26,1.9,1018,1030.8,2315,1022.4,243,1026.8,10.6,9.8,1200,2.63,16.68,,,,,,0,0,2.6,-10.9,5.8,5.8,6.7,7.3,7.9,10.4,12.3,16.2,18.2,3.3,4.7,,
159,2020-02-06,1.2,-5,534,7.1,1402,,,,,,,11.7,340,411,7.3,340,708,3,2609,-12.8,17,1,36.4,2.7,1022.4,1033.4,957,1029.9,2257,1031.2,10.6,9.1,1200,2.5,15.05,,,,,,3.9,1.6,1.9,-7.2,4.5,4.4,5.6,6.5,7.3,10.3,12.1,16.1,17.9,2.1,3,,
159,2020-02-07,5,2.1,2357,10.4,1410,,,,,,,9.6,20,2158,5.3,360,2307,2.4,2045,-7.8,20,1249,41.5,3.4,1017.7,1030.1,1,1023.9,1559,1026.4,10.7,7.5,1200,2.43,13.52,,,,,,5.5,.6,4.6,-4.3,5.9,5.7,6.2,6.6,7.3,10.2,12,16.1,18.1,2.4,3.5,,
159,2020-02-08,4.1,.4,451,9.4,1503,,,,,,,12.5,290,1525,5.5,290,1342,2.9,2463,-8.2,27,1952,41.3,3.3,1015.6,1026,2302,1021.8,1440,1024.3,10.7,10,1200,2.5,15.62,,,,,,.4,0,3.2,-3.3,5.8,5.7,6.4,6.7,7.2,10.1,12.2,16.2,18,3,4.2,,
159,2020-02-09,3.8,-.7,646,8.9,1529,,,,,,,10.7,320,216,7,340,224,3.8,3291,-9.3,24,1559,38.6,3,1014.9,1026.6,214,1020.8,1706,1023.6,10.7,10.2,1200,2.58,16.32,,,,,,.4,.4,3.5,-5.6,5.7,5.6,6.2,6.6,7.2,10,12.1,16,17.9,2.9,4.2,,
159,2020-02-10,6.3,.7,440,12.2,1529,,,,,,,7.4,270,1,4.7,250,1100,2.2,1919,-4.2,33,3,47.4,4.6,1015,1027.1,2356,1021.4,1,1023.6,10.8,9.4,1200,2.41,14.86,,,,,,.3,.3,5,-7,6.1,5.8,6.3,6.7,7.1,9.9,12,16,18.1,2.1,3,,
159,2020-02-11,9.7,4.4,629,14.5,1203,,,,,,,6.3,160,1324,4.3,160,1320,1.7,1477,2.1,48,1237,59.6,7.2,1019.4,1029.7,927,1026.1,2359,1027.9,10.8,8.4,1100,1.93,11.93,,,,,,5.3,2.9,7,-6,6.7,6.5,6.8,7,7.3,9.9,11.9,16,18,1.9,2.8,5.2,
159,2020-02-12,11.7,9.9,654,14.1,1456,16.6,,,,,32.7,11.1,270,2316,7.3,250,2320,3,2626,10.7,66,1,94.6,13.1,1008.9,1026.1,1,1012.5,1520,1017.3,10.8,0,1500,.28,.81,,,,,,8.8,7,9.8,4.6,8.8,8.6,8.2,7.9,7.9,10,11.9,16,17.9,.4,.6,27.5,
159,2020-02-13,11.4,8.1,654,16.2,1602,,,,,,,11.9,250,21,7.6,250,7,3.7,3227,8.1,58,1555,81.3,10.8,1009.3,1019.6,2154,1013.9,1,1017.7,10.9,10.4,1200,2.58,16.29,,,,,,2.8,1.9,10.2,2.5,10,9.6,9.2,8.8,8.5,9.9,11.8,15.9,17.9,2.5,3.5,,
159,2020-02-14,12.3,9.2,142,18.1,1252,,,,,,,6.1,340,434,4.1,340,452,2.1,1843,7.4,49,1234,73.5,10.3,1011.3,1023,2153,1017.7,521,1019.7,10.9,9.3,1200,2.51,15.83,,,,,,3.3,1.1,11,1,10.8,10.3,9.9,9.4,9.1,10,11.8,15.9,17.9,2.7,3.9,,
159,2020-02-15,12.8,9.7,231,17.3,1405,,,,,,,9.8,360,945,5.2,90,1248,3.1,2721,8.3,53,1101,75.4,11,1010.4,1023.5,837,1012.1,2351,1018.7,10.9,5.6,1200,2.49,13.51,,,,,,7.3,3.8,11.5,1.9,11.1,10.6,10.3,9.9,9.6,10.1,11.9,15.8,17.8,2.1,3,4.1,
159,2020-02-16,7,.8,2336,13.7,531,7,,,,,4.1,17.3,290,832,9.8,290,2026,4.6,4011,.4,39,1636,65.5,7.3,1001.3,1015,2302,1005.3,648,1009.8,10.9,6.7,1100,2.47,12.79,,,,,,6,4.1,8.8,-1,10.9,10.7,10.7,10.4,10.2,10.3,11.8,15.8,17.8,2.7,3.8,,.25
159,2020-02-17,.1,-3,2343,3,1606,,,,,,,19.3,290,1330,11.8,270,1529,6.8,5863,-11.5,30,1256,42.3,2.6,1006.5,1019.1,2323,1012.8,1528,1015.3,11,8.5,1200,1.78,11.79,,,,,,1.9,1.9,.8,-4.9,6.2,6.5,8.3,9,9.5,10.4,11.8,15.7,17.7,2.3,3.2,,
159,2020-02-18,1.2,-4.5,650,7.9,1543,,,,,,,14.2,50,238,6.7,360,244,2.8,2458,-12.5,23,1525,36.8,2.4,1015.7,1027.7,2346,1018.3,1,1024.5,11,10.5,1200,2.84,18.79,,,,,,0,0,2.4,-7.8,5.2,5.3,6.5,7.5,8.4,10.5,11.8,15.6,17.5,3,4.3,,
159,2020-02-19,6.1,.1,526,12.5,1309,,,,,,,10.9,360,824,5.1,360,841,2.5,2201,-7.3,23,1308,38.4,3.7,1019.6,1029.2,2258,1027.1,240,1028.3,11,10.3,1300,2.66,17.43,,,,,,4.8,2.5,6.7,-7.2,6,6.1,6.7,7.3,7.9,10.4,12,15.7,17.6,2.7,3.9,,
159,2020-02-20,9.3,4.6,718,14.7,1212,,,,,,,6.1,180,1231,4.7,180,1237,1.5,1281,-2.1,25,1141,45.9,5.3,1023.8,1035,2112,1028.8,53,1032.4,11.1,,1200,2.59,,,,,,,1.9,.6,9.4,-4.2,8.7,8.1,7.9,7.9,8,10.5,11.9,15.9,,2.6,3.8,,
159,2020-02-21,11,5.5,607,16,1341,4.97,,,,,4.1,8.3,230,1733,5.2,230,1744,1.8,1597,3.8,40,1519,63.3,8.2,1022,1035.3,217,1023.4,2354,1030.5,11.1,9.7,1300,2.58,17.03,,,,,,6,3.3,11.7,-3.1,10.2,9.1,8.5,8.5,8.3,10.5,11.9,15.9,,2.9,4.2,4.8,
159,2020-02-22,9.5,5.1,2354,12.9,1423,1.8,,,,,.7,24.4,270,1243,14.2,290,1250,5.9,5112,-3.7,20,1245,44,5.2,1014.7,1026.7,2250,1019.9,354,1023.2,11.2,10,1200,2.73,17.67,,,,,,2.3,1.9,9.5,2.2,9.6,9.4,9.5,9.4,9,10.5,11.9,15.8,,4.7,6.7,,
159,2020-02-23,6,1.1,706,11.7,1429,,,,,,,13.6,270,1026,7.4,270,1033,3.8,3309,-6.6,23,1424,40.5,3.7,1019.5,1031.3,855,1026,1655,1028.1,11.2,10.5,1200,2.91,19.49,,,,,,0,0,8.1,-4.5,7.7,7.5,8.3,8.7,8.9,10.5,11.8,15.8,17.6,3.5,5,,
159,2020-02-24,10.8,5.5,723,15.7,1459,.25,,,,,0,12,250,1115,7.6,250,1118,4.3,3693,-1,16,1231,46.9,6.2,1015.3,1026.7,1,1021.4,2354,1023.8,11.2,7.8,1200,2.81,16.7,,,,,,5,2.3,12.3,-.6,9.6,8.8,8.6,8.8,8.7,10.5,11.8,15.7,17.5,3.3,4.7,13.4,
159,2020-02-25,9.7,7.9,1859,12.7,710,18.75,,,,,49.8,10.5,20,2148,5.9,50,2153,3.1,2688,8.8,77,1,94.3,11.4,1007.8,1021.4,1,1012.8,1415,1016.2,11.3,0,1100,.08,.47,,,,,,10,7,9.8,7.5,10.2,10,9.9,9.7,9.3,10.5,11.8,15.7,17.5,.5,.7,36.4,
159,2020-02-26,9.5,6.8,2358,14.1,1303,4.33,,,,,1.8,9.5,20,20,4.5,50,33,3,2617,5.9,58,1304,79.3,9.3,1013.1,1024.5,2347,1017.5,1,1021.6,11.3,1.9,1300,1.9,9.6,,,,,,9.5,7.4,11.4,0,10.9,10.3,9.9,9.8,9.5,10.5,11.8,15.6,17.4,1.5,2.1,3.3,
159,2020-02-27,6.8,4.7,2229,10.7,1153,4.75,,,,,1.5,9.5,50,927,4.8,50,435,3,2584,.7,50,1151,66.4,6.5,1019.4,1029.6,2224,1024.4,2,1028,11.3,2.6,1100,2.28,10.89,,,,,,7.3,6.4,8.8,-.6,9,9.3,9.9,10,9.8,10.5,11.7,15.6,17.4,1.7,2.4,,
159,2020-02-28,6.9,4.8,403,8.9,1419,4.58,,,,,.2,6.2,90,1556,3.6,110,1212,1.7,1449,1.6,54,1334,70,7,1014.9,1028.9,1,1019,2356,1023.5,11.4,0,1100,.53,2.73,,,,,,9,7.8,6.7,-.7,7.4,7.8,8.9,9.4,9.6,10.6,11.7,15.5,17.3,.8,1.1,.2,
159,2020-02-29,9.5,7,1,13,1509,,,,,,,6.8,360,1020,3.9,50,1012,2,1694,4.7,56,1155,72.9,8.6,1008.6,1019.1,1,1015,1535,1017.1,11.4,.5,1100,1.26,8.61,,,,,,7.6,5.6,10.2,1.9,9.5,9.2,9.3,9.4,9.3,10.7,11.8,15.5,17.3,1.5,2.2,,
159,2020-03-01,10.8,7.2,312,15.6,1147,,,,,,,7.7,90,1113,4.3,90,1220,2.4,2077,4.8,53,1147,67.3,8.6,1009.4,1019.4,709,1016.1,1540,1017.8,11.5,6.9,1100,2.97,15.78,,,,,,6,2.9,11.4,1.7,10.5,9.8,9.7,9.6,9.5,10.7,11.8,15.4,17.3,2.5,3.5,,
159,2020-03-02,8.5,5.2,649,14.7,1457,,,,,,,12.6,270,950,6.1,270,212,3.3,2814,-1.6,18,1435,50.9,5.5,1012.5,1025.5,2217,1016,413,1021,11.5,8.9,1200,2.92,18.86,,,,,,4.4,.8,11.8,1.5,10.8,10.1,10.1,10.1,9.9,10.8,11.8,15.4,17.2,3.4,4.8,,
159,2020-03-03,8.7,5.6,343,12.6,1106,,,,,,,10.4,70,1155,4.5,50,209,2.9,2528,2.2,51,1206,63.9,7.1,1015.5,1026.6,822,1021.8,2246,1024.1,11.5,3.7,1000,1.78,11.58,,,,,,7.5,2.9,9,1.3,9,9.1,9.7,9.9,9.9,10.8,11.8,15.4,17.2,1.9,2.8,,
159,2020-03-04,7.9,1.7,2352,13,1338,,,,,,,16,290,1849,9.6,270,1921,3.6,3079,-5.1,18,1748,43.1,4.6,1010.6,1022.1,1,1015.7,1619,1019.1,11.5,8.3,1300,2.83,18.55,,,,,,4,2.5,11.1,-1.8,10.2,9.8,9.9,10,9.9,10.9,11.8,15.4,17.2,3.9,5.6,,
159,2020-03-05,5.1,-.3,546,11.5,1521,,,,,,,16.8,270,152,9.4,270,140,3.6,3094,-7.1,23,1507,42.3,3.6,1014.5,1024.8,901,1021.4,151,1023.2,11.6,10.9,1200,3.09,21.06,,,,,,0,0,8.9,-3.7,8,8,9,9.5,9.8,10.9,11.9,15.3,17.2,3.2,4.5,,
159,2020-03-06,8.1,3.2,616,12.6,1219,,,,,,,10.3,200,1419,7.6,200,1420,3,2610,-2.8,34,108,46.4,5.1,1013.1,1023.6,922,1019.5,1724,1021.6,11.6,10.8,1200,2.98,20.32,,,,,,1.3,0,10.3,-4.9,9.1,8.8,9.1,9.3,9.5,11,11.9,15.3,17.1,3.2,4.6,,
159,2020-03-07,8.2,6.1,458,11.8,1428,8.17,,,,,7,6.7,320,2352,3.5,320,2347,1.7,1473,3.9,53,2,75.6,8.3,1009,1020.3,1,1015,1703,1017.5,11.7,0,1300,1.13,5.09,,,,,,8.6,5.8,8.5,-1.1,8.7,8.8,9.3,9.5,9.6,11,11.9,15.3,17.1,1,1.5,7,
159,2020-03-08,10.4,5.5,423,16.4,1218,,,,,,,9.4,90,1356,4.7,90,1358,2.8,2385,4.3,45,1222,67.3,8.3,1009.8,1020,855,1016.4,1,1018.3,11.7,10.8,1200,2.99,20.59,,,,,,.4,.4,12.6,-.4,10.8,10.1,9.7,9.7,9.5,10.9,11.9,15.3,17.1,3,4.2,,
159,2020-03-09,11,7.4,452,15.2,1222,5.92,,,,,11,8.1,50,2024,4.3,50,2031,2.2,1906,7.4,63,1216,79.5,10.4,1005.2,1018.9,30,1007.6,2357,1013.6,11.7,0,1200,1.5,6.66,,,,,,9.4,6.3,10.4,-.2,10.4,10.1,10.1,10.1,9.9,10.9,11.9,15.2,17,1.2,1.7,22.8,
159,2020-03-10,9.9,7.3,2354,12.1,925,14.25,,,,,13.9,12.5,270,1618,6.5,290,1627,,,7.1,66,2314,83.6,10.3,996.1,1009.7,2341,1001.4,1441,1004.4,11.8,0,800,.46,,,,,,,8.3,7,10.5,2.7,10.6,10.5,10.6,10.5,10.2,11,11.9,15.2,17,,,2.1,
159,2020-03-11,7.8,3.6,521,13.5,1521,,,,,,,12,250,1424,6.8,270,806,3.3,2887,-6.8,18,1454,37,3.7,1007.6,1021.4,2400,1009.6,1,1016.1,11.8,11.3,1200,3.16,22.48,,,,,,0,0,9.7,-2,9.1,9.1,9.8,10.1,10.1,11,11.9,15.2,17,4.2,5.9,,
159,2020-03-12,9.5,3.6,640,14.5,1242,,,,,,,13.2,230,1705,9.5,230,1725,4.1,3509,-4.1,21,1148,39.5,4.7,1013.4,1023.6,1025,1020.2,1446,1021.8,11.8,11.1,1200,3.13,22.29,,,,,,1.5,0,11.3,-2.3,9.8,9.3,9.6,9.8,9.9,11,11.9,15.2,17,4.4,6.3,,
159,2020-03-13,11.6,8.5,418,17,1407,,,,,,,9.6,160,1528,6.4,250,137,3.3,2837,.7,27,2307,48.5,6.5,1010,1021.9,1,1015.9,1513,1018.4,11.9,8.3,1200,2.98,19.23,,,,,,6.8,2.5,13.9,4.8,12.4,11.3,10.5,10.3,10.1,11.1,11.9,15.1,16.9,3.9,5.6,,
159,2020-03-14,8.2,4.7,656,12,1543,,,,,,,13.5,270,1234,6.5,270,1424,3.1,2721,-13.1,15,1509,21,2.3,1005.3,1016.1,17,1011.7,1507,1013.8,11.9,10.9,1200,3.28,23.39,,,,,,2.1,1.9,12.8,.8,11,10.7,10.8,10.7,10.6,11.1,12,15.1,16.9,5,7.1,,
159,2020-03-15,7.7,2.9,2359,12.7,1305,.47,,,,,0,19.6,230,1406,11.2,250,1415,5.3,4557,-5.5,23,1801,39.6,4.1,1002.3,1014.6,2357,1006.4,1712,1010.8,12,8.7,1200,3.03,18.02,,,,,,2.4,1.8,8.1,.5,8.7,9.6,10.3,10.5,10.5,11.2,12,15.1,16.9,4,5.7,0,
159,2020-03-16,6.6,1.1,624,11.8,1205,,,,,,,12.6,340,333,7.7,200,1938,4.7,4043,-5.3,26,1144,43,4.2,1012,1023.1,940,1014.6,1,1020.6,12,11.2,1300,3.01,22.6,,,,,,1,0,11.8,-1.1,9.8,9.5,9.9,10.1,10.2,11.2,12,15.1,16.8,4.1,5.9,,
159,2020-03-17,11.1,6,640,15.9,1445,,,,,,,16.7,200,1531,11.4,200,1531,6,5180,.4,32,1020,48.1,6.4,1007.2,1020.3,1,1012.3,1512,1015.6,12,10.8,1200,3.08,21.48,,,,,,2.1,0,14.3,2.3,12.1,11,10.5,10.4,10.3,11.3,12,15,16.8,4.3,6.2,,
159,2020-03-18,12.2,7.7,656,17.3,1314,,,,,,,10.1,200,1444,6.8,200,1406,3.7,3155,1.3,21,1304,50,6.9,1006.3,1017.1,838,1012.3,2359,1014.7,12.1,11.4,1200,3.16,23.07,,,,,,0,0,16.1,-1.3,13.4,12.3,11.4,11.1,10.6,11.3,12,15,16.8,4.6,6.6,,
159,2020-03-19,12.6,7.4,2340,18.2,1521,,,,,,,22.7,250,1556,13.3,250,1603,6.7,5826,2.3,17,1750,55.1,8.5,999.4,1012.8,2351,1000.8,1526,1007.6,12.1,11.3,1200,2.82,21.04,,,,,,1.5,.5,15.8,3.9,14.1,13.1,12.3,11.7,11.2,11.3,12.1,15,16.8,5.2,7.4,,
159,2020-03-20,10.4,6.4,629,14.8,1410,,,,,,,12.9,250,2319,9.5,250,2337,5.1,4390,-3.1,26,1012,38.8,4.9,1005.9,1016.2,918,1012.8,1,1014.3,12.1,11.2,1200,3.2,22.83,,,,,,0,0,14.9,.8,12.7,12.1,11.9,11.7,11.4,11.4,12.1,15,16.7,5.3,7.5,,
159,2020-03-21,13.7,9.8,416,17.9,1328,,,,,,,16.3,200,2251,9.3,230,1656,6.6,5669,6.8,35,21,64.3,10.2,1004.6,1015.2,924,1011.1,1701,1012.9,12.2,10.3,1200,2.98,20.91,,,,,,.9,.1,17,6.7,14.8,13.5,12.4,12,11.5,11.5,12.1,15,16.7,3.7,5.2,,
159,2020-03-22,14.1,11,1902,17.5,1218,,,,,,,15.7,250,313,10.5,270,252,4.4,3788,8,53,1218,67.5,10.8,1004.1,1015.6,2317,1009.1,342,1012.4,12.2,8.4,1300,2.91,19.02,,,,,,5,2.5,18.8,8.7,16.6,15,13.5,12.8,12.1,11.6,12.2,15,16.7,3.4,4.8,,
159,2020-03-23,12.6,8.8,519,17.1,1523,,,,,,,11.4,230,1437,7.8,230,1442,3.6,3153,.7,24,1248,46,6.5,1007.8,1018.1,945,1013.5,1627,1016.1,12.3,11.6,1200,3.16,23.07,,,,,,0,0,17.3,1.1,14.8,14.3,13.6,13.1,12.6,11.8,12.2,14.9,16.7,4.9,7,,
159,2020-03-24,11.5,8.6,446,15.3,1250,,,,,,,8.7,140,1203,5.3,110,1354,3,2627,1.9,42,1527,52.3,7.1,1012.4,1022.7,2353,1017.8,1,1020.8,12.3,7.1,1200,2.42,16.35,,,,,,2,2,13.9,2,12.8,13,13.2,13,12.7,12,12.3,14.9,16.6,2.9,4.2,,
159,2020-03-25,13,7.6,608,17.9,1309,,,,,,,6.5,180,1427,4.4,180,1429,1.6,1406,4.5,43,1310,57.1,8.5,1013.2,1023.4,954,1020,1523,1021.5,12.3,11.2,1200,3.19,22.95,,,,,,2.4,1,17.7,-.9,14.8,13.9,13.1,12.8,12.5,12.1,12.4,14.9,16.6,3.5,5,0,
159,2020-03-26,14.5,12.1,215,16.3,2308,14.05,,,,,24.6,10.3,230,2351,6.4,230,2358,1.6,1374,11.4,63,616,83.1,13.8,1008.7,1020.4,1,1011.9,2340,1017,12.4,0,1100,.76,3.46,,,,,,9.8,7.8,13.5,5.2,13.6,13.4,13.3,13.1,12.8,12.2,12.5,14.9,16.6,.7,1,25.4,.25
159,2020-03-27,13.7,9.7,2356,16.8,1337,14.53,,,,,1.9,11.6,250,33,7.9,230,32,2.8,2415,13.2,93,1738,97.6,15.4,1003,1017.2,2340,1008.5,553,1011.3,12.4,0,1200,.5,2.68,,,,,,10,8.4,14.7,9.9,14.9,14.7,14,13.6,13.1,12.3,12.6,14.9,16.6,.7,1,1.5,3.23
159,2020-03-28,9.4,7.7,2342,13,1123,2.53,,,,,.4,10.5,20,1500,5,50,1533,3.1,2712,3.8,54,1545,69.6,8.2,1010.4,1020.4,2330,1016.7,1,1018.9,12.4,0,1100,1.22,8.01,,,,,,9.1,3.9,11.3,5.6,11.9,12.4,13.2,13.3,13.2,12.4,12.6,14.9,16.6,1.9,2.8,,
159,2020-03-29,10.4,6.4,625,15.1,1056,,,,,,,10.7,70,1421,5.3,90,1600,3.6,3081,2.3,46,1159,58.1,7.3,1012.7,1022.2,628,1019.8,1443,1021.2,12.5,5.8,1000,3.1,17.73,,,,,,7,4,13.3,1.3,12,11.7,12.3,12.6,12.7,12.6,12.7,14.9,16.5,2.9,4.2,,
159,2020-03-30,11.6,8.6,606,15.7,1322,,,,,,,8.5,110,1629,4.8,90,1659,2.8,2454,4.6,51,1018,62.9,8.5,1012,1021.6,837,1019,1536,1020.5,12.5,11.2,1200,3.03,21.6,,,,,,6.3,1.5,15,3.8,13.6,13,12.8,12.7,12.6,12.6,12.8,14.9,16.5,3.3,4.8,,
159,2020-03-31,12.9,8.5,515,18,1257,,,,,,,9,70,1451,4.6,110,1233,2.8,2424,6.2,37,1526,65.1,9.5,1008.3,1020.4,3,1013.6,2400,1016.6,12.6,10.9,1200,3.36,24.17,,,,,,3.4,0,17.2,2.6,14.8,13.9,13.3,13,12.9,12.7,12.8,14.9,16.5,3.6,5.2,2.7,
159,2020-04-01,12.5,10.8,631,17.1,1354,7.62,.4,638,1.5,627,2.7,11.3,320,827,5.8,200,1614,2.7,2364,4.6,33,2349,60.1,8.7,1004,1015.7,2400,1010.4,503,1012.3,12.6,4.6,1400,2.66,13.11,,,,,,6.5,4.1,14.3,4.9,14.2,13.8,13.6,13.5,13.3,12.7,12.9,14.9,16.5,2.9,4.1,0,
159,2020-04-02,11.5,7.2,248,16.2,1132,,,,,,,10.2,70,3,5.7,180,1433,3.5,2988,-.9,31,932,42.8,5.7,1012.7,1022.9,1227,1015.7,1,1021.1,12.6,11.1,1200,3.29,23.91,,,,,,3.3,0,14.9,2.6,13.5,13.3,13.3,13.3,13.2,12.8,12.9,14.9,16.5,4.9,7,,
159,2020-04-03,13.8,9.6,631,19.1,1150,,,,,,,11.2,230,1609,7.7,200,1611,3.8,3310,-.2,19,1139,38.6,6.1,1010.9,1021.6,35,1017.2,1616,1019.2,12.7,11.1,1200,3.28,24.44,,,,,,1.9,1.5,18.1,4.4,15.4,14.4,13.7,13.5,13.3,12.9,13,14.9,16.4,5.7,8.2,,
159,2020-04-04,12.8,8.5,2400,19.6,1348,,,,,,,13.8,270,1234,9.1,230,1218,4,3475,-.4,21,1048,43.3,6.1,1008.8,1020.2,2358,1013.7,1457,1017.1,12.7,11.5,1200,3.39,25.08,,,,,,2,2,18.9,4.5,15.8,14.8,14.2,13.9,13.5,13,13,14.9,16.4,5.2,7.4,,
159,2020-04-05,9.7,5.6,606,14.1,1119,,,,,,,8.7,200,1408,5.9,200,1235,3.4,2904,-2.6,29,1017,43.4,5.1,1012.6,1022.3,931,1019.3,1628,1021.1,12.7,11.8,1200,3.44,26.14,,,,,,.1,0,18.1,0,14.8,14.4,14.2,14,13.6,13,13.1,14.9,16.4,4.7,6.7,,
159,2020-04-06,11.7,7.3,617,15.1,1148,,,,,,,10.9,180,1642,7.7,200,1643,3.8,3319,.7,24,1006,47.3,6.6,1011,1021.9,51,1016.8,1817,1019.4,12.8,10.3,1200,3.42,24.75,,,,,,3.9,0,18.4,-1.1,15,14.3,14,13.8,13.6,13.1,13.1,14.9,16.4,4.5,6.4,,
159,2020-04-07,14.5,9.5,557,20.6,1322,,,,,,,10.5,200,1411,7.9,180,1415,3.4,2908,.6,25,952,39.6,6.4,1006.1,1016.8,1,1012.2,1649,1014.3,12.8,10.4,1200,3.23,23.49,,,,,,1.4,0,19.4,3,16.4,15.5,14.6,14.2,13.7,13.2,13.2,14.9,16.4,5.5,7.8,,
159,2020-04-08,13.3,9.2,2348,19.1,1312,,,,,,,11.1,200,1434,8.8,200,1439,3.6,3121,.1,16,1210,44.9,6.6,1008,1020.7,2258,1013.2,417,1016.3,12.8,11.2,1200,3.38,25.54,,,,,,.6,0,20.4,4.7,16.8,15.9,15.1,14.6,14,13.3,13.2,14.9,16.4,5.1,7.3,,
159,2020-04-09,11.8,8,428,18,1445,,,,,,,11.2,270,1027,7.4,200,1640,3.2,2730,-.1,19,1430,47.8,6.2,1012.6,1024.6,2357,1018.5,1507,1021,12.9,11.4,1200,3.28,24.42,,,,,,1,.5,19.5,.9,16,15.3,14.9,14.6,14.2,13.3,13.3,14.9,16.3,4.5,6.5,0,
159,2020-04-10,10,8.3,2335,12.2,1626,1.8,0,,0,,0,8.9,50,16,4.4,50,53,2.6,2225,1.2,46,1413,54.8,6.7,1016.7,1026.7,1058,1024.2,1637,1025.2,12.9,.1,1400,.91,6.51,,,,,,8.5,6.1,12.2,1.3,12.3,13,14.1,14.3,14.3,13.4,13.4,14.9,16.3,1.5,2.1,,
159,2020-04-11,10.5,7.9,352,14.2,1139,8.1,.2,,.9,2018,2.9,8.7,200,1222,6.4,200,1240,2.1,1780,4.6,49,1111,68.1,8.6,1010.9,1024.7,1,1015.5,2355,1019.3,12.9,.3,1100,1.86,11.23,,,,,,9.5,6,13.5,1.2,12.8,12.8,13.3,13.5,13.8,13.5,13.4,14.9,16.3,1.8,2.6,9.1,
159,2020-04-12,9,7.2,2148,11.9,1345,17.4,.9,2128,2.2,54,12,16.3,20,1822,7.8,70,1851,4,3424,5.4,50,1800,79.4,9,1002.4,1015.5,1,1008.6,1542,1010.8,13,1.3,1300,1.38,7.46,,,,,,9.8,6.1,10.8,6.4,11.2,11.8,12.9,13.2,13.6,13.5,13.5,14.9,16.3,1.7,2.4,5.8,
159,2020-04-13,10.1,6.8,537,15.5,1717,.5,0,,0,,0,15,50,252,6.4,50,1748,3.5,3010,-2.6,21,1728,43.3,5.1,1003,1015.6,2352,1008.5,256,1011.3,13,5,1400,2.82,16.29,,,,,,5.5,1.4,11,-.2,11.3,11.2,12,12.5,13.1,13.5,13.5,14.9,16.3,3.9,5.6,0,
159,2020-04-14,15.1,8.8,38,21.1,1300,,,,,,,10.4,250,1739,7.6,230,1740,3.9,3371,-1.6,17,1224,32.9,5.6,1006.9,1016.8,808,1013.2,1715,1015.1,13.1,11.9,1200,3.57,27.26,,,,,,1.3,0,16.9,.3,14.1,13,12.5,12.5,12.8,13.5,13.6,14.9,16.3,6.3,9,,
159,2020-04-15,14.5,12,613,18.4,1136,,,,,,,8.7,200,1606,5.8,180,1222,3.1,2676,2.1,23,955,44.6,7.2,1005.8,1016.1,2358,1012.8,1457,1014.1,13.1,5.6,1200,2.93,19.43,,,,,,6.9,0,16.8,4.3,15.3,14.6,13.9,13.6,13.4,13.4,13.6,14.9,16.3,4,5.7,,
159,2020-04-16,12.9,10.5,322,16.7,1100,,,,,,,12.4,70,1743,5.7,90,1606,3.5,3013,6.4,51,1101,65.5,9.6,1010.6,1021.1,2125,1016.1,1,1019,13.1,9.2,1200,3.21,22.61,,,,,,5.3,3.5,17.8,5,15.8,14.9,14.3,14,13.7,13.4,13.6,14.9,16.2,3.4,4.9,0,
159,2020-04-17,12.2,11.3,446,13.1,2036,11.77,2.7,1249,8,1214,32.6,8.2,50,301,4.1,50,259,2.3,1972,10.2,70,51,88.6,12.6,1006,1020.3,13,1009.7,2043,1014.3,13.2,0,1000,.56,2.53,,,,,,8.8,6.9,12.6,9.1,13,13.3,13.9,14,14.1,13.5,13.6,14.9,16.2,.8,1.2,32.6,
159,2020-04-18,13.9,10.2,600,20.6,1403,,,,,,,10.2,270,1201,5.8,290,1210,2.6,2271,8.9,39,1404,73.4,11.4,1006.8,1019.9,2321,1010.1,134,1015.1,13.2,10,1200,3.57,24.87,,,,,,4.4,2.9,18.2,6.7,16.3,14.9,14.1,13.8,13.8,13.6,13.6,14.9,16.2,3.6,5.2,,
159,2020-04-19,11.8,10.5,2145,14.7,1151,11,1.9,2021,6.5,2021,33.2,10.5,90,1418,5.8,70,1433,3.2,2753,9,64,1158,84.5,11.5,1005.6,1019.8,29,1005.5,2327,1014,13.2,0,1100,1.6,6.39,,,,,,9.9,6.6,12.1,9.5,12.8,13.4,14.2,14.3,14.3,13.6,13.6,14.9,16.2,1.4,2,33.3,
159,2020-04-20,14,10.1,359,18.1,1213,.63,.1,,.1,,.1,13.1,270,2311,8.3,270,2313,4.5,3929,7.9,36,2308,68.5,10.8,1001.3,1011.9,2400,1005.6,14,1009.6,13.3,9.8,1100,3.09,23.34,,,,,,5.8,3,17.4,9,15.9,14.7,14.1,13.9,14,13.7,13.6,14.9,16.2,4.2,6,,
159,2020-04-21,12.2,8.1,2357,18.8,1415,,,,,,,24.4,290,1832,12.7,270,1730,5.6,4819,-5.2,15,1427,31.8,4.4,1004.9,1016.1,2358,1009,1553,1013.3,13.3,10.6,1200,3.55,26.99,,,,,,5.5,.9,16.2,6.1,15.3,14.8,14.6,14.4,14.4,13.8,13.7,14.9,16.2,7.3,10.4,,
159,2020-04-22,9.3,5.1,519,16,1503,,,,,,,20.4,250,1546,11.1,270,1554,5.3,4550,-6.5,15,1525,33.1,3.8,1006.7,1017.8,702,1010.7,1607,1015.1,13.3,11.5,1100,3.5,27.26,,,,,,2,.3,15.9,0,13.9,13.6,14,14.1,14.4,13.8,13.7,14.9,16.1,5.8,8.2,,
159,2020-04-23,10.3,4.4,557,16.9,1445,,,,,,,13.5,320,1216,6,270,1855,3.6,3075,-4.2,25,1447,36.9,4.5,1006.6,1016.8,1,1012.2,1727,1015,13.4,12.1,1200,3.57,27.83,,,,,,.8,0,16.8,.2,14.1,13.6,13.7,13.8,14.2,13.9,13.8,14.9,16.1,5.5,7.9,,
159,2020-04-24,11.1,6.1,549,14.7,1142,,,,,,,16,200,1442,10.8,200,1450,5.1,4404,-2.5,26,1034,39.1,5.3,1007.3,1017.1,855,1013,1555,1015.7,13.4,12.2,1200,3.61,28.16,,,,,,0,0,17.4,1.4,14.7,14.3,14,13.9,14.2,13.9,13.8,14.9,16.1,5.6,8,,
159,2020-04-25,14.8,10.1,531,18.3,1521,,,,,,,19.5,250,1142,13,230,1136,6.5,5643,7.1,39,23,60.9,10.3,1004.8,1016.9,1,1010.5,1728,1013,13.4,12.1,1200,3.47,26.44,,,,,,0,0,19.3,3.8,16.5,15.4,14.6,14.3,14.4,13.9,13.8,14.9,16.1,4.9,7.1,,
159,2020-04-26,14.2,10.4,2355,21.3,1507,,,,,,,11.8,270,1259,6.8,250,137,3.2,2796,3.8,22,1509,53,8.2,1007.9,1020.2,2305,1012.3,138,1016.2,13.5,11.8,1200,3.63,27.15,,,,,,1.5,.6,21.9,5,18.4,16.8,15.6,15,14.7,14,13.8,14.9,16.1,4.8,6.9,,
159,2020-04-27,13.7,9.5,325,19.5,1308,,,,,,,10.7,200,1408,7.5,200,1411,3,2621,3.7,23,1313,52.5,8,1010.7,1020.5,1001,1017.3,1758,1019.1,13.5,10.5,1200,3.6,24.45,,,,,,2.9,2.3,19.6,2.2,16.8,16.2,15.7,15.3,15.1,14,13.9,14.9,16.1,4.6,6.6,,
159,2020-04-28,14.3,9.5,550,20.9,1327,,,,,,,12.5,230,1755,8.8,200,1409,3.8,3242,3.5,21,1306,51,7.9,1011.4,1022.2,939,1017.8,1654,1019.7,13.5,12.2,1200,3.53,27.77,,,,,,.5,.5,21.3,1.8,18,16.8,15.9,15.5,15.3,14.1,13.9,14.9,16.1,6,8.6,,
159,2020-04-29,16.2,11.4,455,24.4,1229,,,,,,,9.2,200,1411,6.5,200,1449,3.4,2940,3.1,23,1201,42.5,7.7,1010.6,1020.3,832,1017.9,1814,1018.9,13.6,12.2,1200,3.48,27.45,,,,,,0,0,22.4,3.3,19,17.7,16.5,15.9,15.6,14.2,14,15,16.1,6.2,8.8,,
159,2020-04-30,16.9,13,519,20.1,1358,,,,,,,14.7,200,1512,10.1,230,1433,6.1,5287,10,40,1,64.9,12.7,1008.8,1019.6,646,1014.6,1843,1017,13.6,10.6,1200,3.57,27.45,,,,,,1.5,1.5,23.6,7.6,19.8,18.3,17,16.3,16,14.4,14,15,16.1,4.7,6.8,,
159,2020-05-01,19.5,16.7,156,22.7,1208,,,,,,,14.4,230,1636,9.4,250,2153,5.8,5001,15.2,64,1222,77,17.3,1006.4,1016.1,1039,1012.4,1718,1014.5,13.6,11.6,1200,3.54,26.87,,,,,,2.4,1.6,26.1,13.4,22.3,20.4,18.2,17.2,16.5,14.5,14.1,15,16.1,4.8,6.9,,
159,2020-05-02,18.7,17,344,21.8,1013,1.67,.6,2346,1.5,2312,1.1,10,270,536,6.5,250,626,4.2,3642,15.7,69,1016,83.1,17.8,1004.4,1014.4,741,1010.6,1806,1012.5,13.6,5,1000,2.82,17.2,,,,,,8.5,3.5,22.3,14.9,20.8,20,18.7,17.9,17.3,14.7,14.2,15,16.1,2.5,3.6,9.3,
159,2020-05-03,16.8,16.2,1053,17.9,5,11.87,4.4,1936,12.1,1923,21.3,9.3,250,221,5,250,6,2.3,1949,15.9,89,1322,95.3,18.1,999.4,1011.3,4,1004.9,1822,1007.5,13.7,0,1200,.49,3.05,,,,,,10,8.1,17.8,16.3,17.9,18,18.1,17.8,17.6,14.9,14.3,15,16,.9,1.2,13.1,
159,2020-05-04,19,15.8,2344,25,1143,,,,,,,9.1,200,1353,6.8,180,1412,2.7,2336,16.2,63,1125,84.8,18.4,999.4,1011.8,2308,1004.5,231,1007.4,13.7,9.7,1200,3.44,24.98,,,,,,5.1,4.3,23,15.8,21.6,20.2,18.6,17.8,17.3,15.1,14.4,15,16,3.9,5.5,,1.52
159,2020-05-05,15.9,14.2,2259,18.5,1150,,,,,,,8.3,70,413,4.2,70,500,2.6,2263,12.3,68,924,79.8,14.3,1003.8,1013.3,715,1010.8,1826,1012,13.7,1.9,900,2.29,15.24,,,,,,9,6.1,18.8,12.1,18.6,18.7,18.7,18.4,18,15.3,14.5,15,16,2.6,3.7,,
159,2020-05-06,17.9,14,2345,21.8,913,,,,,,,13.8,50,1942,6.2,50,2343,3,2619,11,44,1723,65.3,13.2,1005.1,1017.1,2257,1010.2,335,1013.2,13.8,12.3,1200,3.61,28.54,,,,,,2.3,1.1,24.2,11.1,21.5,20,18.7,18.2,18,15.5,14.6,15,16,5.2,7.5,,
159,2020-05-07,16.5,12.5,513,21,1227,,,,,,,11,90,1335,5.2,70,6,3.6,3123,5.7,31,1228,50.4,9.3,1010.4,1020,743,1016.5,131,1018.6,13.8,12.2,1100,3.67,29.25,,,,,,4,0,23.4,9,20.5,19.6,18.9,18.5,18.3,15.7,14.7,15,16,5.7,8.1,,
159,2020-05-08,17.4,12.3,526,21.1,1424,,,,,,,9.3,50,8,5.3,230,1717,3,2574,10.8,51,2,65.8,13.1,1008.1,1019.1,1,1014.2,2355,1016.3,13.8,7.2,1000,3.22,23.22,,,,,,6.3,2.9,23,8.7,20.5,19.6,18.9,18.4,18.4,15.9,14.9,15,16,3.5,5,21.5,
159,2020-05-09,16.4,14.8,1027,18.6,39,16.92,1.9,1500,9.4,1449,50.8,18.4,250,2336,9.6,230,1717,3.6,3132,14.9,64,3,91.8,16.9,1000.2,1014.3,7,1004.4,1821,1008.4,13.9,0,1200,.37,2.08,,,,,,10,7.9,17,14.9,17.5,17.9,18.4,18.4,18.6,16.1,15,15.1,16,1,1.5,29.3,.5
159,2020-05-10,17.6,14.7,623,20.6,1513,,,,,,,16,250,28,8.9,230,516,5.1,4385,13.2,58,2219,76.4,15.3,997.7,1008.4,2348,1004.1,151,1005.8,13.9,6.1,1400,2.75,20.27,,,,,,5.8,3,20.2,12.4,19.3,18.6,18.1,17.9,18.1,16.3,15.1,15.1,16,3.5,5.1,,
159,2020-05-11,18.8,15.3,503,25.4,1117,,,,,,,14.2,340,906,7.1,290,918,3.8,3304,11.5,36,1038,63.6,13.7,999.1,1009.2,818,1005.2,2345,1007.1,13.9,12.4,1200,3.64,29.38,,,,,,1,0,23.3,11.8,21.1,19.7,18.8,18.3,18.2,16.4,15.3,15.1,16,5.4,7.8,,
159,2020-05-12,18.2,15.6,2357,21.4,1142,,,,,,,14.5,250,1441,10.5,230,1439,5.9,5140,9.6,31,2242,58.3,12.2,996.9,1009.1,2357,1003.2,1555,1004.9,13.9,11,1200,3.53,27.04,,,,,,1.3,.4,23.6,11.7,21.4,20.5,19.5,19,18.7,16.5,15.4,15.1,16,5.6,8.1,,
159,2020-05-13,17.9,12.5,549,22.8,1336,,,,,,,13.2,270,103,7.7,180,1408,3.6,3153,6,32,1015,46.3,9.4,1006.8,1017.5,2227,1009.1,1,1014.9,14,12.4,1200,3.68,29.91,,,,,,.1,.1,25.1,8.7,21.8,20.5,19.5,19,18.8,16.6,15.5,15.1,16,6.6,9.5,,
159,2020-05-14,20.1,16.4,358,25.4,1109,,,,,,,8.3,180,1355,5.6,180,1248,2.8,2414,5.1,20,1012,38.4,8.9,1008.6,1018.8,753,1015.1,1712,1016.7,14,10.2,1100,3.32,25.69,,,,,,5.6,1.5,24.7,8.1,22.6,21.3,20,19.4,19.1,16.7,15.6,15.1,16,5.3,7.6,1.1,
159,2020-05-15,16.3,14.3,1541,18.8,615,15.25,1.8,1143,5.8,1119,14.8,12.1,140,1035,6.6,140,1044,2.2,1895,13.8,48,146,86.6,15.8,1003.1,1015.9,41,1008.4,2350,1011.2,14,0,1000,.44,2.93,,,,,,10,6.9,17.4,14.5,17.8,18.5,19.3,19.3,19.4,16.9,15.7,15.2,16,.7,1.1,14.3,.58
159,2020-05-16,18.2,16.1,2222,24.4,1301,4.5,.3,21,.4,1,.6,8.5,180,1438,6.2,180,1357,1.9,1659,16.7,70,1302,91.4,19,998.1,1008.5,1,1004.2,1540,1006.2,14.1,4.8,1200,3.68,21.2,,,,,,8.4,6.3,22.3,14.8,21.6,20.6,19.4,18.9,18.8,17,15.7,15.2,16,3.2,4.6,,5.35
159,2020-05-17,18.2,15.9,56,21.6,1546,,,,,,,7.5,180,1156,5.3,180,1409,2.5,2131,15.7,72,1517,86,17.9,998.2,1007.8,854,1004.7,1757,1006.3,14.1,5.3,1300,3.12,21.53,,,,,,8.4,4.8,23.5,15.1,22.1,21.1,20.2,19.7,19.3,17,15.8,15.2,16,3.1,4.4,,
159,2020-05-18,17.3,16.4,520,19.8,1614,4.45,.8,1042,2.6,948,4.5,6.8,70,1227,3.7,90,1224,2,1696,16.2,84,1554,93.6,18.4,993.3,1005.7,1,997.7,2355,1001.3,14.1,.1,1500,1.52,5.89,,,,,,9.5,6.6,19.6,14.1,19.3,19.5,19.8,19.7,19.7,17.2,15.9,15.2,16,1.4,2.1,6.6,
159,2020-05-19,15.6,13.3,548,19,1547,2.85,.8,229,1.2,139,2.1,18.1,270,1529,11.8,250,1052,4.7,4094,10.1,51,1641,70.8,12.4,991.2,1005.1,2347,996.2,150,999.3,14.1,6.8,1000,3.31,18.49,,,,,,3.9,3.5,19.1,9.6,17.8,18,18.9,19.1,19.4,17.3,16,15.3,16,3.4,4.9,,
159,2020-05-20,15.2,12.2,524,19.4,1051,,,,,,,8.5,90,1422,5.3,110,1540,2.5,2124,9.1,51,1024,67.8,11.6,1002.5,1014.8,2217,1004.9,1,1010.8,14.1,9.1,1200,3.62,26.99,,,,,,4,4,22.2,8.5,20,18.8,18.5,18.6,18.9,17.4,16.1,15.3,16,4,5.8,,
159,2020-05-21,14.9,13.2,343,18.1,1118,,,,,,,7.4,70,1833,4.4,110,1217,2.6,2236,9.9,63,1116,72.1,12.2,1007.9,1017.5,2053,1014.1,234,1016.2,14.2,3.6,1000,2.97,18.58,,,,,,7.9,7.5,20.1,11,19,18.8,19,18.9,19.1,17.4,16.2,15.3,16,3.1,4.4,,
159,2020-05-22,15.4,12.2,451,18.7,1317,,,,,,,9.4,50,2212,4.4,50,2258,3,2592,10.7,63,1151,74.1,12.9,1006.5,1017.1,1,1012.7,1740,1014.7,14.2,8.2,1200,2.67,21.69,,,,,,4.9,2.8,21.1,9.4,19.3,18.9,18.8,18.8,19,17.5,16.2,15.4,16,3.4,4.8,,
159,2020-05-23,16.8,12.8,519,20.9,1431,,,,,,,7.1,50,100,4.5,110,1204,2.5,2140,12.6,64,1624,77.1,14.7,1004.3,1014.1,51,1010.2,1749,1012.5,14.2,10.8,1200,3.64,27.93,,,,,,2.1,1,24.3,9.2,22,20.7,19.4,18.9,19,17.5,16.3,15.4,16,4.2,6,,
159,2020-05-24,19.1,14.6,439,22.5,1141,,,,,,,9.5,180,1247,6.6,180,1212,3.7,3191,14.3,60,617,74.5,16.5,1001.9,1012.3,12,1008.6,1555,1010,14.2,5.7,1000,3.1,20.49,,,,,,6.9,2,23.3,9.4,21.5,20.8,20,19.6,19.4,17.5,16.4,15.4,16,3.4,4.9,,
159,2020-05-25,19.4,16.8,2220,23.2,1043,,,,,,,8.3,180,1120,5.6,320,637,2.8,2397,15.8,65,1051,80.8,18,1002.4,1011.5,807,1009.2,1821,1010.4,14.2,3.1,1100,2.59,16.35,,,,,,8.6,4.1,22.6,14.5,21.6,21.2,20.5,20,19.7,17.6,16.4,15.4,16,2.7,3.9,,
159,2020-05-26,19,16.6,2214,22.2,1447,,,,,,,8,270,2238,5.5,180,1518,2.7,2308,13.9,56,1012,73.1,15.9,999.8,1010,1,1006.3,1751,1007.9,14.3,3.6,1500,2.65,14.75,,,,,,7.8,2.5,24,13.7,21.7,20.8,20.3,20.1,19.8,17.7,16.5,15.5,16,3,4.3,,
159,2020-05-27,19.4,16.4,2354,26,1237,,,,,,,9.9,110,1441,5.1,110,1408,2.4,2073,11.1,33,1221,60.8,13.3,1000,1009.6,2230,1006.1,245,1008,14.3,11.1,1200,3.63,29.12,,,,,,4.9,0,27.3,11.1,24.2,22.6,21,20.2,19.8,17.8,16.5,15.5,16,5.3,7.6,,
159,2020-05-28,19.2,15.2,505,25.1,1059,,,,,,,9.6,180,1328,6.6,180,1333,2.7,2310,12.7,38,1043,67.6,14.8,1000.7,1011.1,2339,,1320,1008.8,14.3,12.5,1200,3.55,29.4,,,,,,1.5,0,28.2,10.3,,,,,20.2,17.9,16.6,15.5,16,5.1,7.3,,
159,2020-05-29,19.7,15.7,534,24.5,1331,,,,,,,9.5,90,1342,4.3,90,1458,2,1717,11.8,43,1318,61.5,13.9,1006.6,1017.9,2331,1010.9,108,1014.7,14.3,12.1,1200,3.64,29.03,,,,,,3,.1,28.5,10.2,24.7,22.9,21.8,21.1,20.6,18,16.7,15.6,16,5.4,7.7,,
159,2020-05-30,20.2,17.3,405,23.7,1246,,,,,,,5.7,110,1328,3.1,90,1337,1.9,1673,10.5,45,1209,54.4,12.8,1009.1,1018.8,732,1015.9,1745,1017.2,14.3,2.3,1000,2.07,17.47,,,,,,8.9,1.3,25.2,12.4,23,22.4,21.7,21.2,21.3,18.2,16.8,14.5,16.1,3.3,4.7,.8,
159,2020-05-31,19.6,17.3,616,23.6,1224,3.92,.4,556,.6,517,1,7,110,1237,4.2,110,1239,1.7,1440,15.6,50,248,78.5,17.9,1004.2,1016,9,1010.2,2357,1012.3,14.4,4,1300,3.52,21.12,,,,,,9.1,7,25.7,15,24,23,21.8,21.2,21.3,18.3,16.9,14.5,16.1,3.5,5,.2,
159,2020-06-01,22,18.3,1,25.5,1440,,,,,,,10.5,180,1516,7.6,200,1518,3.6,3129,15,40,2140,66.9,17.5,1000.4,1010.3,18,1006,1644,1008.4,14.4,10.6,1300,3.14,25.49,,,,,,5,1.1,29.7,12.5,26,24.1,22.7,21.8,21.5,18.4,17,14.5,16.1,5.5,7.8,,
159,2020-06-02,21.1,18,526,25.1,1243,,,,,,,13.9,250,1925,8.1,230,1926,3.7,3181,10.1,32,940,50.8,12.6,999.8,1009.7,700,1005.8,1847,1007.8,14.4,11.8,1200,3.67,29.95,,,,,,3.1,1.5,30,9.4,26.1,24.3,23,22.2,21.8,18.6,17.1,14.6,16.1,5.7,8.2,,
159,2020-06-03,21.3,18.6,520,25.7,1251,,,,,,,11.6,250,50,7.7,250,4,4.6,3962,17.8,57,1,81.3,20.5,996.5,1006.3,1,1002.8,1744,1004.4,14.4,5.9,1300,3.27,21.46,,,,,,7.3,.8,28.9,15.5,25.7,24.4,23.2,22.4,22.2,18.7,17.2,14.6,16.1,3.9,5.5,,
159,2020-06-04,22.9,20.3,2233,26.6,1237,,,,,,,10.5,230,227,6.9,230,329,4.3,3745,18.8,64,1315,78.1,21.7,995.8,1005.4,2234,1002.8,408,1003.7,14.4,10.2,1200,3.38,26.55,,,,,,5.5,2.5,32.8,17.7,28.2,25.8,24.1,23,22.5,18.9,17.3,14.6,16.1,4.9,6.9,,
159,2020-06-05,22,18.4,2325,27,1512,,,,,,,8.9,270,19,5.5,270,24,2.2,1925,18.1,60,1509,79.6,20.8,999.1,1009.4,2330,1004.4,253,1007,14.4,11,1200,3.36,24.7,,,,,,5.6,0,30.8,16.2,27.3,25.9,24.5,23.5,23,19.1,17.4,14.7,16.1,3.8,5.4,,
159,2020-06-06,21,17.7,355,26.6,1358,,,,,,,9.6,20,1251,4.3,50,1221,2.7,2320,14.8,47,2048,69.3,17.2,1001.3,1011.1,2156,1007.5,1454,1009.3,14.4,6.9,1300,2.93,20.75,,,,,,7.3,1.4,28.9,9.9,26.3,25.2,24.2,23.6,23.3,19.3,17.6,14.7,16.1,4.5,6.4,,
159,2020-06-07,21.5,17.8,454,24.6,1131,,,,,,,8.4,110,1302,4.8,110,1220,2.5,2135,10.3,38,1740,49.5,12.7,1004.2,1013.6,2348,1010.6,1,1012.2,14.4,12.5,1200,3.58,29.24,,,,,,1.3,1.3,31.4,12.7,27,25.4,24.2,23.5,23.3,19.5,17.7,14.7,16.1,5.6,8,,
159,2020-06-08,23.3,18,541,28,1057,,,,,,,5.2,180,2119,3.9,180,1626,1.6,1422,8.8,19,1827,40.9,11.5,1006.8,1016,2302,1013.5,2,1014.8,14.5,12.6,1200,3.52,29.02,,,,,,0,0,32.3,11.5,27.7,25.8,24.5,23.7,23.5,19.7,17.8,14.8,16.1,6.3,9,,
159,2020-06-09,24,18.6,450,29.4,1356,,,,,,,6.9,200,745,5.2,180,1212,1.8,1549,12.3,26,1436,49.9,14.7,1006.6,1015.8,1,1013.6,1631,1014.6,14.5,12.6,1200,3.57,29.41,,,,,,0,0,33.3,10.3,28.3,26.3,24.9,23.9,23.8,19.9,18,14.8,16.2,5.7,8.2,,
159,2020-06-10,24.7,20.9,506,28.9,1432,,,,,,,8.6,250,2033,5.2,230,2040,2.4,2048,18.3,55,1426,68.4,21.1,1001.6,1014,1,1006.4,2349,1009.5,14.5,10.4,1100,3.58,27.47,,,,,,4.3,2.1,35.3,16.3,30,27.4,25.7,24.6,24.2,20,18.1,14.9,16.2,4.9,7,10.5,
159,2020-06-11,22.6,21.3,337,25.9,1246,6.25,4.3,507,7.3,425,10.5,9.2,180,352,5.6,200,344,2.9,2529,21.4,70,5,93.4,25.5,995.4,1006.4,1,1002,1629,1003.4,14.5,1.6,1200,2.49,15.73,,,,,,7.6,6.6,26.3,20.3,26.2,26.2,25.6,24.9,24.7,20.2,18.2,15,16.2,2.5,3.6,0,2.13
159,2020-06-12,22.6,21.1,22,25.8,1429,1.32,1.2,2350,3.5,2325,2.3,10.5,200,1956,6.5,180,1701,3,2586,20.7,77,1100,89.6,24.5,997.2,1006.4,935,1004.3,1454,1005.2,14.5,5.1,1300,3.44,20.18,,,,,,8.8,6.8,27.9,20,26.7,26,25.1,24.6,24.7,20.4,18.4,15,16.2,3.1,4.5,92.2,
159,2020-06-13,22,21,512,24.2,1355,15.08,8.6,151,33.2,145,91,8,230,2254,6.1,230,2304,2.3,2028,21.2,84,1357,95.5,25.2,997.4,1006.8,1143,1002.9,305,1005.4,14.5,.3,1300,2.06,9.93,,,,,,9.9,7.6,25.2,20.5,24.5,24.5,24.3,24.2,24.8,21,18.6,15,16.2,1.6,2.3,6.8,3.52
159,2020-06-14,23.3,20.2,440,27,1622,11.8,2.7,1132,6,1103,16.4,15.8,200,1217,10,250,1524,5.1,4424,21.3,77,2354,89.4,25.4,995.9,1005.8,3,1002.2,1533,1003.8,14.5,2.5,1500,2.62,10.21,,,,,,8.4,5.4,25.4,19.6,24.3,24.1,24,23.9,24.4,21.2,18.9,15.1,16.2,2.6,3.8,10.7,.98
159,2020-06-15,23.8,20.3,540,29,1348,,,,,,,10.7,250,127,6.2,250,1200,3,2563,16.1,43,1330,63,18.3,997.6,1007.3,644,1003.8,1551,1005.5,14.5,12.1,1300,3.48,29.16,,,,,,4.6,0,27,16.1,25.7,24.8,24.2,23.9,24.2,21.4,19.1,15.2,16.2,6.2,8.9,,
159,2020-06-16,23.9,21.4,2357,29,1038,,,,,,,9.5,90,1308,5.6,90,1345,2.7,2290,12.5,38,905,49.4,14.6,997.8,1007.7,2142,1004.3,315,1005.7,14.5,12.6,1200,3.62,29.15,,,,,,5.4,0,28.6,17.6,26.9,25.6,24.8,24.3,24.5,21.4,19.3,15.2,16.2,5.8,8.3,,
159,2020-06-17,22.3,19.7,538,26.2,958,1.48,0,,0,,0,6.7,180,1805,4.5,180,1806,1.9,1601,14.6,41,919,63.4,16.9,997.8,1006.9,8,1004.7,1655,1005.7,14.5,4,1200,2.52,18.58,,,,,,8.8,1.6,27.1,14.8,25.8,25.1,24.7,24.4,24.6,21.4,19.4,15.3,16.2,3.2,4.6,13.6,
159,2020-06-18,18.3,16.8,613,21.2,109,22.55,1.4,1023,5.3,1746,40.2,8.4,20,1302,4,320,52,2.6,2206,17.3,66,111,93.9,19.7,994.5,1005.1,1,1000,1845,1002.5,14.5,0,1100,.53,3.06,,,,,,10,7.5,20.7,16.1,20.8,22.3,23.2,23.6,24.5,21.5,19.5,15.3,16.3,1,1.4,27.4,
159,2020-06-19,21.8,18.3,1,27.1,1410,3.53,.3,137,.6,132,.8,10.2,20,1201,5.3,70,1311,3,2624,17,48,1407,75.5,19.4,997.6,1010.5,2318,1000.4,52,1005.6,14.5,8.3,1300,3.55,25.81,,,,,,7.4,4.8,25.3,17.3,24.1,23.3,22.8,22.8,23.5,21.6,19.6,15.4,16.3,4.6,6.6,,
159,2020-06-20,21.2,19,2332,24.9,1302,,,,,,,7.2,90,1324,4.3,110,1326,2.5,2156,16.2,57,1304,73.4,18.4,1002.9,1012.3,701,1009.8,1745,1010.9,14.5,9,1200,3.66,25.22,,,,,,5.9,3.9,27.1,16.3,25.8,24.8,23.9,23.5,23.9,21.6,19.7,15.5,16.3,4.7,6.7,,
159,2020-06-21,21.2,18,523,25.3,1508,,,,,,,8.5,70,1208,4,70,1034,2.7,2296,16,57,1509,73.1,18.2,1000.5,1010.4,1,1007.1,1501,1008.5,14.5,12.4,1200,3.73,28.78,,,,,,2,.3,29.1,14.1,26.4,25.1,24.4,23.8,24.1,21.6,19.8,15.5,16.3,4.8,6.9,,
159,2020-06-22,22.8,18,534,27.7,1455,,,,,,,5.7,200,1559,4.2,200,1622,1.8,1597,16.6,51,1505,69.5,18.9,1001.1,1010.7,2301,1007.5,355,1009.1,14.5,12.6,1200,3.68,30.73,,,,,,0,0,30.8,13.4,27.8,26,24.9,24.2,24.3,21.6,19.8,15.6,16.3,5.6,8.1,,
159,2020-06-23,23.8,19.9,511,29,1509,,,,,,,5.3,20,2338,3.5,180,1110,1.9,1649,18,51,1316,70.9,20.7,1001.9,1010.6,632,1009.2,1643,1009.8,14.5,11.4,1200,3.68,29.34,,,,,,3.6,.5,32.2,14.7,28.8,27,25.7,24.8,24.6,21.7,19.9,15.7,16.3,5.4,7.7,,
159,2020-06-24,22.6,20.5,2221,26.2,837,8.83,2.9,2146,10.4,2103,19.5,10.4,110,2157,5.3,140,2223,2.3,2008,19,64,835,80.8,22,998.3,1009.7,1,1003.4,2355,1006.3,14.5,1.9,800,1.9,11.28,,,,,,9.4,5.3,26.3,17.9,25.6,25.5,25.4,25,25.1,21.7,19.9,15.7,16.4,1.8,2.6,33.7,
159,2020-06-25,22,20.9,200,24.6,1100,15.03,2.5,1403,8.4,1735,35.3,9.1,230,1112,5.7,230,1152,3.1,2665,21.3,87,1103,96.4,25.3,994.8,1003.9,2255,1001.6,324,1002.7,14.5,.1,1000,1.64,7.02,,,,,,9.9,8.1,24.1,20.2,23.5,23.9,24.1,24.2,24.8,21.8,20,15.8,16.4,1.6,2.3,21.1,.75
159,2020-06-26,23.3,20.3,416,28.2,1213,,,,,,,10,270,931,7.4,180,1445,3.8,3288,18.8,56,1112,76.9,21.7,998,1008.1,2225,1003.5,8,1005.9,14.5,11.1,1200,3.55,29.26,,,,,,4,1.6,27.4,19.1,26,25.2,24.5,24.2,24.5,22.1,20.1,15.9,16.4,5.3,7.5,,
159,2020-06-27,23.2,20.2,441,27.9,1423,,,,,,,8.5,270,8,5.3,270,129,2,1760,18.5,61,1424,75.9,21.4,996.5,1007.6,29,1002.8,2336,1004.4,14.5,5.1,1000,2.46,18.51,,,,,,6.5,0,26.3,17.7,25.6,25.1,24.8,24.6,24.8,22.1,20.2,15.9,16.4,3.5,5,,
159,2020-06-28,24.9,21.7,243,30.7,1143,,,,,,,7.6,180,1327,4.7,180,1331,2.1,1805,18.9,49,1138,70.1,21.9,996.1,1006.7,2201,1002,305,1003.9,14.5,10,1100,3.62,24.62,,,,,,3.1,2,28.3,18.3,27.1,26.2,25.4,24.8,24.9,22.2,20.3,16,16.4,4.2,6,,
159,2020-06-29,21.6,18.9,1712,25.2,1250,10.33,8.5,1842,20.4,2249,99.2,14.2,110,2228,7.2,90,2210,2.7,2375,19.9,77,1102,90.9,23.3,995.6,1007.1,1123,994.3,2359,1003.5,14.5,0,1200,1.96,8.53,,,,,,8.8,6.4,23.8,18.3,23.7,24.6,24.9,24.9,25.2,22.2,20.4,16,16.5,1.7,2.5,105.1,3.92
159,2020-06-30,22,19.9,529,24.7,1721,1.83,2.1,43,5.4,1,5.9,21.9,200,109,13,230,608,7.9,6807,17.7,64,1716,77.4,20.3,985,997.9,2254,989.7,607,992.9,14.5,6.6,1200,3.26,21.26,,,,,,6.5,6,24.1,18.5,23.5,23.5,23.4,23.5,24.5,22.8,20.7,16.4,16.6,4.3,6.2,,
159,2020-07-01,20.8,19.1,912,24.3,1306,.47,0,,0,,0,9.9,270,45,6.7,180,1328,3.3,2893,17.3,66,1258,81.1,19.8,996,1008.5,2335,997.7,1,1004,14.5,4.5,1200,3.52,19.26,,,,,,7.1,4.8,24.6,17.3,24.5,24.2,23.8,23.7,24.3,22.8,20.9,16.5,16.6,3.5,5,0,
159,2020-07-02,21.7,19,415,25.8,1026,,,,,,,7.2,90,1515,4,110,1521,2,1730,16.3,57,1641,72.5,18.7,1003.2,1013.5,2230,1008.4,1,1011.2,14.5,4.7,1000,2.55,18.43,,,,,,7.3,1,24.7,16.3,24.2,24.2,24,23.9,24.4,22.7,21,16.5,16.6,3.3,4.7,0,
159,2020-07-03,20.6,18.7,2342,22.1,952,6.83,1.5,2158,4.9,2140,7.8,9.9,70,1601,3.9,50,1501,2.8,2386,17.2,60,59,81.6,19.7,1002.2,1013.1,1,1007.6,1808,1010.2,14.5,0,1500,.99,7.33,,,,,,9.4,7.4,22.5,17.2,22.2,22.9,23.4,23.7,24.4,22.6,21,16.5,16.6,1.6,2.3,7.8,
159,2020-07-04,20.4,18.7,3,25.4,1107,.58,0,,0,,0,7.3,50,129,3.6,50,607,2.1,1774,16.8,61,1045,79.9,19.1,998.9,1008.2,3,1005.9,246,1006.9,14.5,1.5,1000,2.51,11.54,,,,,,9.1,8.3,22.3,17.6,22.1,22.8,23,23.2,23.9,22.6,21,16.6,16.6,2.5,3.5,0,
159,2020-07-05,22.2,19.1,1,25.9,1426,,,,,,,7.4,180,1310,6.1,180,1318,2.2,1899,18.3,62,1427,79.6,21.1,996.9,1007.3,2,1003,1944,1004.8,14.5,6,1400,2.77,21.59,,,,,,8.3,5.5,26.5,17.1,25.1,23.8,23.4,23.3,23.8,22.5,21,16.6,16.7,3.2,4.5,,
159,2020-07-06,22.7,21.2,1,25.6,1147,3.92,.3,1614,.6,1556,.8,8.7,230,2303,5.5,230,2309,1.7,1439,21,78,1148,90.6,24.9,993.8,1003.1,1,999.9,1020,1001.7,14.4,.2,1100,1.75,6.11,,,,,,9.9,8.3,24,19.3,23.6,23.9,23.9,23.8,24.2,22.4,21,16.6,16.7,1.4,1.9,1.4,1.02
159,2020-07-07,22.7,21.6,109,25.1,1233,1,.3,142,.4,135,.6,12.2,230,1327,8.1,230,1335,4.4,3761,20.5,78,1234,88,24.2,995.7,1005.1,831,1002.2,16,1003.6,14.4,3.7,1000,3,18.65,,,,,,8,6.3,26,20.3,25.1,24.7,24.3,23.9,24.2,22.4,21,16.7,16.7,3.4,4.9,,.25
159,2020-07-08,23.5,21.3,2337,28.1,1540,,,,,,,8.6,340,339,5.2,200,1201,2.5,2202,20.1,58,1542,82,23.6,996.7,1006.2,2235,1003.4,21,1004.6,14.4,10.9,1200,3.13,25.75,,,,,,5,.9,29.5,19.6,27.6,26.1,25.1,24.5,24.5,22.4,21,16.7,16.7,3.9,5.5,,
159,2020-07-09,22.2,20.6,339,25.5,1103,5.42,.5,2017,1.1,1933,2.1,7.2,50,1659,3.5,70,1708,2.1,1829,19.9,71,1106,87.6,23.2,997.1,1006.1,905,1004.2,1534,1005.1,14.4,.4,1100,2.39,9.47,,,,,,9.1,7.8,25.1,20.2,24.6,25.1,25.1,24.9,25,22.5,21,16.8,16.7,1.6,2.3,92.9,
159,2020-07-10,22.2,20.8,833,25.9,1710,14.5,13.4,824,57.3,749,208.7,9.5,250,1617,6.1,230,1618,2.4,2111,21.6,85,1714,96.5,25.8,993.5,1004.7,13,998.8,1451,1001.4,14.4,1.2,1600,1.62,5.8,,,,,,9,8,23.9,20.1,23.3,23.6,23.7,23.7,24.9,22.9,21,16.8,16.8,1.2,1.7,117.9,4.05
159,2020-07-11,21.6,20.2,2053,24.3,1045,,,,,,,8.7,50,2347,4.6,50,2350,2.6,2205,19.7,83,2256,89.4,22.9,999.1,1010.9,2141,1002.9,25,1007.1,14.4,.3,1000,1.28,8.34,,,,,,8.8,6,23.8,19.2,23.4,23.6,23.5,23.5,24.1,23.3,21.8,17.8,17.6,1.5,2.2,,.28
159,2020-07-12,20.1,18.7,2147,21.4,935,13.33,3.9,2200,10.8,2113,37.5,10.7,90,2147,4.4,70,2142,2.7,2293,18.5,82,116,91.3,21.3,1002.6,1012.7,1143,1008.6,2348,1010.7,14.4,0,1200,.68,4.46,,,,,,10,7.6,22,18.1,21.8,22.6,23.1,23.3,24.1,23.2,21.8,17.7,17.4,.8,1.2,96.3,.28
159,2020-07-13,18.9,18.1,225,20.2,1301,24,4.2,216,14.7,953,100.9,11.4,50,404,6,70,1215,2.7,2342,18.4,96,457,97,21.2,995.3,1008.8,1,1001.2,1316,1003.3,14.3,0,1200,.46,2.19,,,,,,10,8.4,20.6,17.5,20.3,21,21.5,21.9,23.3,23.2,22,17.8,17.5,.6,.9,46.1,.63
159,2020-07-14,19.3,18.7,120,20.7,1248,18.67,.6,1609,1,258,5.2,5.6,20,959,3.2,50,1003,1.5,1302,18.1,86,1253,93,20.7,994.9,1005.1,2304,1001.1,242,1002.9,14.3,0,1200,1.09,5.91,,,,,,10,8.3,21.8,18.5,21.3,21.5,21.5,21.7,22.6,23.1,22.2,18.1,17.8,1.1,1.6,1.2,2.17
159,2020-07-15,19.6,18.5,515,21,1459,6.08,0,,0,,0,6.8,20,1017,3.9,50,1039,2,1736,16.6,73,1705,83.3,18.9,997.8,1007.2,2134,1004.1,302,1005.8,14.3,0,1100,1.33,9.01,,,,,,10,7.1,22.3,17.8,21.5,21.7,21.8,22,22.7,22.9,22.1,18.1,17.6,1.9,2.7,0,
159,2020-07-16,21.3,18.7,453,24.2,1449,,,,,,,7.5,140,1233,4.6,110,1050,2.3,2029,16.7,65,1014,76,19.1,999.1,1008.6,2336,1006.1,1734,1007.1,14.3,9.1,1300,3.41,25.64,,,,,,4.6,4.5,26.1,16.3,24.5,23.1,22.6,22.4,22.8,22.8,22,18.1,17.5,4.3,6.2,,
159,2020-07-17,21.8,17.8,540,25.9,1049,,,,,,,8.1,90,1237,4.6,110,1303,2.6,2258,17,61,1050,75,19.4,1001,1010.4,2145,1007.9,1428,1009,14.3,12.2,1200,3.62,29.69,,,,,,1,.9,27.3,14.7,25.5,24.1,23.4,23.1,23.4,22.7,22,18.1,17.5,5.2,7.4,,
159,2020-07-18,22.2,18.9,322,25.5,1220,,,,,,,6.6,110,1534,4.2,110,1539,2.3,1969,18.2,64,1222,78.6,20.9,1001.9,1011.1,2307,1008.9,1515,1009.9,14.2,2.9,1200,2.34,18.17,,,,,,8,3,26.3,15.5,25.1,24.3,23.8,23.6,23.9,22.7,21.9,18.1,17.5,2.9,4.1,0,
159,2020-07-19,23.2,21.4,9,25.2,1842,5.93,.2,,.5,1557,.5,12.8,200,2335,8.1,200,2054,3.1,2659,21.7,81,214,91.6,26.1,1000.7,1010.5,1,1007.4,1531,1008.6,14.2,0,1300,.42,3.3,,,,,,10,7.9,24.1,19.6,23.7,23.8,23.7,23.7,24.1,22.7,21.8,18.1,17.5,1.1,1.6,1.6,
159,2020-07-20,24.9,23.7,2100,26.4,1531,1.68,.4,332,.6,447,1.1,19.9,230,759,13.2,230,807,7.1,6159,23,81,1904,89.8,28.2,1000.1,1009.9,2344,1007,213,1008,14.2,.3,1000,1.22,9.14,,,,,,9.1,6.8,26,21.7,25.1,24.7,24.2,23.9,24.2,22.7,21.8,18.1,17.5,2,2.8,3.4,
159,2020-07-21,24.9,22.6,259,28.6,1539,1.88,1.4,338,3.2,323,3.4,8.2,180,1734,5.5,180,1741,2.8,2392,22,67,1545,84.6,26.5,1003.2,1012.8,2314,1009.4,28,1011.1,14.2,5.3,1100,3.1,21.2,,,,,,8.4,4.9,27.8,21.4,26.9,25.9,25,24.4,24.4,22.8,21.8,18.1,17.5,3.4,4.9,82.8,
159,2020-07-22,22.5,21.4,534,23.9,1344,15.9,13.4,546,52.6,815,105.3,4.9,20,559,2.9,50,605,1.3,1160,21.7,80,119,95.6,26,1002.1,1012.2,2,1008.8,1651,1010,14.2,0,1000,1.11,5.74,,,,,,10,9.1,24.3,20.7,24.2,24.7,24.5,24.5,25.2,23,21.8,18.1,17.5,1.1,1.5,27.5,2.28
159,2020-07-23,21.8,21.2,1723,23,2310,17.58,22.3,2122,81.6,2042,176.2,9.9,50,1755,4.8,50,2029,2.5,2142,21.2,93,1134,97.3,25.3,999,1011.7,715,999.3,2358,1006.9,14.1,0,1000,.71,3.61,,,,,,10,9,23.4,20.8,23.1,23.7,24,24.1,24.8,23.3,22,18.5,18,1,1.5,171.3,1.27
159,2020-07-24,21.6,20.1,2350,24.1,1237,4.97,.7,2148,1.3,2148,2.3,14.6,230,1301,9.9,230,1300,5.6,4815,19.5,74,1325,88.5,22.7,990.9,1000,105,997.7,1611,998.8,14.1,1.7,1200,2.93,14.57,,,,,,8.9,7.8,24,19.6,23.6,23.6,23.3,23.4,24.1,23.7,22.6,19.3,19.3,2.4,3.5,3.7,
159,2020-07-25,21.3,20,17,23.7,1625,2.92,.3,25,.8,1,1.5,10.4,180,108,7,200,108,3.6,3118,19.6,78,1637,90.8,22.8,994.6,1007,2319,998.3,139,1002.6,14.1,1.1,1600,2.16,10.47,,,,,,9.1,7.1,23.9,19.5,23.4,23.5,23.5,23.6,24.2,23.6,22.6,19.1,18.9,2.2,3.2,,
159,2020-07-26,23.9,20.2,444,27.1,1313,,,,,,,7.6,270,626,5.1,180,1218,3,2555,20.2,60,1149,80.6,23.7,999.8,1009,2239,1006.4,409,1007.7,14.1,11,1200,3.46,26.98,,,,,,4.3,2,28.2,18.2,26.3,25.2,24.4,24,24.2,23.5,22.6,19.1,18.6,4.2,6,.1,
159,2020-07-27,22.6,21.5,2314,24.7,1342,12.17,4,1556,12.7,1522,32.1,7.1,90,1545,3.5,90,1549,1.8,1562,21.6,85,1326,94.4,25.8,1000.7,1009.8,1052,1007.5,346,1008.6,14,0,1300,.82,4.23,,,,,,9.9,8.3,24.5,21,24.2,24.6,24.7,24.7,25,23.5,22.6,19,18.4,.9,1.3,71.3,
159,2020-07-28,21.9,21.5,825,22.8,1530,12.27,9.3,415,21.1,333,46.5,3.9,50,1103,2.4,90,1322,1.5,1330,21.3,90,1519,96.6,25.3,1003,1012.9,2158,1008.3,234,1011,14,0,1500,.54,3.69,,,,,,10,8,24,21.1,23.4,23.8,23.9,24.1,24.9,23.6,22.6,19.1,18.5,.8,1.1,8.1,.58
159,2020-07-29,23.2,21.9,307,24.8,1436,5.83,8.8,1315,11.6,1254,14.3,4.9,200,1844,3.2,200,1847,1.2,1044,22.5,90,1523,96.5,27.3,1005.3,1014.3,1320,1012.2,150,1013.2,14,.1,1400,1.58,7.94,,,,,,10,8,25.9,21.1,25,24.5,24.3,24.2,24.7,23.7,22.7,19.2,18.5,1.4,2,55.5,4.07
159,2020-07-30,24,22,1351,27.9,1148,7.57,10.3,246,39.3,215,50,14.2,340,1231,7,50,1238,2.8,2440,22.4,77,1228,91.5,27.2,1006.3,1016.7,1225,1013.1,1750,1014.2,14,2.1,1100,2.74,13.13,,,,,,8.9,6.8,27.8,21.8,26,25.2,24.9,24.7,25,23.8,22.8,19.3,18.7,2.4,3.4,7.9,3.28
159,2020-07-31,26.1,22.8,503,30.6,1314,,,,,,,7.3,320,1008,4.5,180,1604,2.5,2120,23.1,62,1255,84,28.2,1005.4,1015.1,805,1012,1654,1013.3,13.9,7.7,1300,3.14,22.12,,,,,,7.4,2,29.3,21.4,27.9,26.5,25.6,25.1,25.2,23.8,22.8,19.3,18.7,4.1,5.8,,
159,2020-08-01,26.9,24.3,344,30,1307,,,,,,,9.7,200,1525,6.8,200,1533,3.7,3210,23.3,64,1312,81.4,28.6,1003.8,1012.6,58,1010.5,1805,1011.7,13.9,7.1,1300,3.2,22.58,,,,,,7.9,2.1,30.5,23.1,28.9,27.6,26.7,26.1,25.9,23.9,22.8,19.3,18.6,4.5,6.5,,
159,2020-08-02,26.8,24.2,535,30,1227,,,,,,,12.2,200,2332,8.1,230,2330,4.4,3844,23.7,70,1112,83.6,29.4,1002.5,1011.5,5,1009.4,1503,1010.4,13.9,5.6,1200,2.67,19.47,,,,,,8.1,3.9,30.2,22.6,28.9,28,27.1,26.6,26.5,24,22.9,19.3,18.5,4,5.7,,
159,2020-08-03,26.9,25.2,253,29.3,1156,,,,,,,12.8,230,1314,7.8,200,1308,5.3,4590,23.5,74,1258,82.1,29,1002.7,1011.3,2340,1010,12,1010.6,13.8,2.5,1100,3.25,17.58,,,,,,8,3.3,29.4,23.6,28.6,28.1,27.4,26.9,26.8,24.1,22.9,19.3,18.5,3.7,5.3,,
159,2020-08-04,27,25.1,528,29.4,1429,,,,,,,13.7,230,1150,9.1,230,1402,5,4353,24.2,76,931,85,30.3,1005.1,1014.8,2254,1011.3,1,1013,13.8,6.7,1400,3.19,22.25,,,,,,5.1,4,31.9,23,29.9,28.4,27.5,27,26.9,24.3,22.9,19.3,18.5,3.8,5.4,,
159,2020-08-05,26.6,25.4,423,29.2,1241,,,,,,,12.1,200,1154,8,200,1207,5.1,4381,25,79,1237,91.1,31.6,1006,1014.9,802,1012.9,2214,1013.9,13.8,2.2,1200,3.04,16.43,,,,,,8.6,8.5,30.8,24.7,29.8,28.9,27.9,27.3,27.1,24.4,23,19.3,18.5,3,4.3,6.1,.37
159,2020-08-06,26.1,24.5,420,27.4,1502,6.12,2.7,448,5.8,358,6.3,21.3,230,713,13.4,230,657,7.2,6202,24,78,1452,88.4,29.8,1001.1,1012.9,1,1007.1,1604,1009,13.8,0,1000,.87,5.83,,,,,,10,7.8,27,23.8,26.6,27.1,27.3,27.2,27.3,24.5,23.1,19.3,18.5,2,2.8,.2,
159,2020-08-07,25.6,23.6,2045,27.8,1025,7.2,16.9,1929,62.5,1858,107,15.7,230,1511,10.1,230,1524,4.2,3654,23.8,79,959,90.4,29.5,999.1,1008.7,40,1005.3,1818,1007,13.7,.5,1000,1.63,9.06,,,,,,9.6,6.1,27.2,22.9,26.5,26.6,26.6,26.5,27,24.6,23.1,19.3,18.5,1.7,2.4,251,1.78
159,2020-08-08,24.9,23.7,547,26.4,2307,17.25,9.9,52,29.6,530,163.1,21.7,230,53,11.1,230,241,5.8,5034,23.9,89,1946,94.3,29.6,997,1006.8,2338,1003.8,311,1004.9,13.7,0,1200,.6,3.1,,,,,,10,8.3,25.8,23.3,25.3,25.4,25.4,25.4,26.3,25.6,23.8,20.6,20.2,1.3,1.9,23.6,1.52
159,2020-08-09,25.8,23.9,2354,28.5,1335,7.48,3.7,359,3.9,325,15.1,17.7,200,44,11.8,230,44,7.1,6161,24,79,1132,90,29.8,998.9,1007.9,2318,1005.7,407,1006.8,13.7,3.4,1300,2.39,15.91,,,,,,8.5,6.4,27.7,23.2,26.9,26.6,26.1,25.9,26.2,25.7,24.3,20.3,19.9,3,4.3,10.6,
159,2020-08-10,25.6,23.5,1757,28.5,908,8.7,2,1447,3.8,1426,12.5,20.9,230,1639,13.3,230,1646,5.1,4425,24,76,859,91.4,29.9,997.3,1008,2334,997.6,1622,1005.2,13.6,1.3,900,1.6,8.05,,,,,,9.4,7,27.8,22.9,26.6,26.5,26.4,26.3,26.6,25.5,24.3,20.2,19.6,2,2.8,12.5,
159,2020-08-11,26.2,23.5,1907,29.8,1219,7.7,.9,1844,2.3,1519,10.5,18.5,230,18,12.1,230,23,5.2,4510,24.4,75,1207,90.6,30.6,1003.1,1013.2,2151,1007.7,2,1010.9,13.6,5.7,1100,3.31,15.58,,,,,,8.3,5.6,27.9,23.4,26.9,26.9,26.7,26.5,26.7,25.5,24.3,20.2,19.4,2.5,3.6,10.6,
159,2020-08-12,25.9,24.6,354,28.2,1659,6.97,6,1431,13.2,855,36.6,15.9,200,1428,9,230,1436,3.5,3067,24.6,82,1653,92.9,31,1005.2,1014.6,1128,1011.8,1712,1013.1,13.6,1.8,1600,1.69,6.48,,,,,,7.1,4,26.8,23.6,26.5,26.7,26.7,26.6,27,25.5,24.3,20.2,19.3,1.4,2.1,36.5,
159,2020-08-13,27.6,24.4,556,31.2,1516,,,,,,,11.9,230,2033,7.9,230,2030,4.7,4081,24.5,68,1525,83.9,30.8,1002.8,1013,41,1008.5,1825,1010.6,13.6,9.9,1300,3.27,24.4,,,,,,2.9,1.8,30.7,23.6,29,27.9,27.3,26.9,27,25.6,24.4,20.3,19.4,5.1,7.2,,
159,2020-08-14,27.9,26.2,101,30.2,1134,,,,,,,13.5,230,1739,9.3,230,1743,5.7,4919,24.3,71,1131,81.6,30.4,999.8,1008.9,1,1006.2,1557,1007.7,13.5,11.2,1200,3.37,25.7,,,,,,5.3,3.5,31.8,24.1,29.8,28.7,28,27.6,27.5,25.6,24.4,20.3,19.4,4.9,6.9,,
159,2020-08-15,28.1,24.7,521,31.5,1445,,,,,,,9.9,270,2345,7,180,1333,4,3424,24.3,69,1425,80.4,30.3,1001.3,1010.8,2238,1007.7,130,1009.2,13.5,12.2,1200,3.35,25.64,,,,,,2.8,.5,33.7,23.5,31.5,29.8,28.7,28,27.9,25.7,24.4,20.3,19.3,5.1,7.3,,
159,2020-08-16,28.2,25.5,452,31.3,1405,,,,,,,9.9,270,103,6.6,270,433,4.5,3899,23.8,62,1122,78,29.5,1002.9,1011.9,2119,1009.5,1615,1010.8,13.4,12.2,1100,3.34,26.31,,,,,,2.9,0,34,23,31.5,30.1,29.2,28.5,28.3,25.8,24.4,20.3,19.3,5.1,7.4,,
159,2020-08-17,28.4,26,2204,33.1,1208,,,,,,,8.1,340,810,5,180,1452,2.5,2156,24,59,1157,78,29.8,1004.6,1013.5,954,1011.5,116,1012.4,13.4,12.1,1200,3.36,25.7,,,,,,2.5,.1,34.8,22.4,32.2,30.7,29.6,28.8,28.5,25.9,24.5,20.3,19.3,4.9,6.9,,
159,2020-08-18,28.7,26.1,31,31.6,1259,,,,,,,7.3,200,1328,5.3,200,1336,2.4,2033,23.6,64,1641,74.4,29.2,1003.6,1013.1,705,1009.8,1816,1011.5,13.4,12.1,1200,3.34,25.59,,,,,,.9,.1,35,22.1,32.4,30.9,29.8,29.1,28.8,26,24.5,20.3,19.3,5.1,7.3,,
159,2020-08-19,29.1,26.3,607,33.2,1211,,,,,,,9.1,200,1550,7,180,1605,3.4,2899,24,52,1142,74.8,29.8,1001.7,1010.8,550,1007.7,1643,1009.5,13.4,12.2,1200,3.38,26.45,,,,,,.6,0,35.7,23,32.7,31.2,30.1,29.3,29,26.1,24.5,20.3,19.3,5.5,7.9,,
159,2020-08-20,29.4,26.5,2347,33.2,1226,,,,,,,8.1,320,628,5.5,320,635,2.3,1953,22.4,56,1534,66.9,27.3,1003.3,1013.2,2345,1009.8,232,1011.1,13.3,12.1,1200,3.29,25.56,,,,,,0,0,36.1,22.3,33,31.4,30.3,29.5,29.2,26.2,24.6,20.3,19.3,5.2,7.4,,
159,2020-08-21,26.7,23.6,459,30.7,1211,,,,,,,8,50,2334,4.4,110,1345,2.6,2212,22.1,63,1,76.4,26.7,1006,1014.6,1003,1012.6,1628,1013.9,13.3,10.9,1200,3.26,24.73,,,,,,1.4,1.1,34.3,21.2,31.8,30.9,30.1,29.5,29.3,26.3,24.7,20.3,19.3,4.8,6.9,,
159,2020-08-22,27,24.2,516,30.8,1147,,,,,,,8,50,1226,4.3,90,1348,2.6,2270,21.6,58,1235,73.5,25.9,1004.1,1014.3,1,1010.3,1637,1012,13.3,6.8,1100,3.2,22.03,,,,,,7.3,3.3,34.4,21.3,31.6,30.5,29.9,29.4,29.3,26.4,24.7,20.3,19.3,4.3,6.2,,
159,2020-08-23,27.1,24.7,349,30.6,1450,,,,,,,6.8,180,1226,4.7,180,1206,2.2,1891,22.6,66,848,77,27.5,1000,1010.4,17,1006.2,1609,1007.9,13.2,8.9,1300,3.14,21.47,,,,,,5.9,2,34.6,22.2,32.1,30.7,29.8,29.3,29.3,26.5,24.8,20.3,19.3,4,5.7,,
159,2020-08-24,28,24.8,532,32,1356,,,,,,,6.7,180,1230,5,180,1534,1.9,1609,23.7,57,1414,78,29.3,997.9,1007.4,3,1003.9,1503,1005.7,13.2,11.5,1200,3.32,25.27,,,,,,1.8,.6,36.2,20.9,32.8,31.2,30.1,29.4,29.3,26.6,24.8,20.4,19.3,4.7,6.8,,
159,2020-08-25,29.3,25.8,538,32.8,1441,,,,,,,7.4,50,2305,3.8,50,2318,2.1,1837,24.9,64,1706,78,31.6,997.3,1006.1,2245,1004.1,345,1005.1,13.2,10.7,1200,3.2,23.7,,,,,,2.8,1.1,36.4,21.9,33.2,31.6,30.5,29.7,29.5,26.7,24.9,20.4,19.3,4.5,6.4,,
159,2020-08-26,28.7,27.6,502,31.2,1048,.58,0,,0,,0,14.4,110,1230,8.4,110,1230,4,3464,24.6,67,1915,79,30.9,996.3,1005.5,923,1002.2,1643,1004,13.1,1.5,1000,2.22,13.8,,,,,,8.3,6.3,32.5,25.8,31.2,30.8,30.3,29.8,29.8,26.7,24.9,20.4,19.4,3.4,4.8,26.8,
159,2020-08-27,26.2,23.4,703,28.5,1,7.28,7.9,507,16.1,454,27.4,15.1,200,351,9.6,230,359,4.3,3682,24.2,72,1,89.4,30.2,997.6,1007.7,2356,1002.3,138,1005.4,13.1,.1,1300,1.56,6.58,,,,,,9.9,8.1,28.1,22.7,27.9,28.6,28.9,29,29.6,26.8,25,20.4,19.4,1.6,2.2,13.3,.25
159,2020-08-28,26.9,25,717,31.3,1345,4.18,3.2,708,10.2,638,17.6,9.9,180,2301,6.1,230,1912,3,2582,24.4,68,1306,86.8,30.6,1000.2,1010,2259,1006.5,1637,1008.1,13,5,1200,3.4,19.95,,,,,,7.6,5.6,29.9,24.3,29.6,29.3,28.9,28.7,29,26.8,25,20.4,19.4,4.1,5.8,8,
159,2020-08-29,27.5,24,243,31.4,1343,1.33,1.2,53,1.9,35,3.1,14.2,250,52,8.7,230,101,3.1,2685,24.4,66,1344,83.8,30.6,1001.8,1010.9,2150,1008.7,1526,1009.7,13,7.5,1300,2.77,20.74,,,,,,5.1,3.6,30.9,23.3,29.6,29.2,29,28.9,29.2,26.8,25.1,20.4,19.4,4,5.7,,
159,2020-08-30,28.5,25.7,616,33.1,1556,,,,,,,7.6,50,2250,4.1,180,1125,2.4,2044,24,58,1548,77.6,29.9,1002.7,1012.3,2152,1008.8,1621,1010.5,13,9,1200,3.25,22.89,,,,,,5.5,1.1,31.8,24.1,30.5,29.8,29.4,29.2,29.4,26.9,25.1,20.5,19.4,4.7,6.7,,
159,2020-08-31,26.2,24.3,2329,29.7,1452,.42,0,,0,,0,12.1,70,1947,5.4,50,950,3.5,3014,21.2,60,1611,74.5,25.2,1003.8,1012.5,1012,1010.6,1511,1011.7,12.9,3.3,1400,2.33,13.84,,,,,,7.6,7,28.7,22.4,28.4,28.5,28.9,29.1,29.6,26.9,25.2,20.5,19.4,3.3,4.7,0,
159,2020-09-01,26.4,23.7,214,30.6,1339,1.5,0,,0,,0,9.7,50,438,5.1,50,208,3.1,2692,22.2,66,1341,78.1,26.9,1000.6,1011.9,11,1006.8,1546,1008.4,12.9,2.3,1300,2.17,12.88,,,,,,8,7,28.7,22.1,28,28.1,28.2,28.4,29.1,26.9,25.2,20.5,19.5,2.7,3.9,24.6,
159,2020-09-02,26.8,25.4,625,28.9,1157,12.43,6.3,504,13.1,459,29.5,24,70,2321,10.7,90,2321,4.8,4108,23.9,73,1537,84.8,29.8,989.1,1007,24,977.9,2359,996.9,12.9,0,1000,1.46,6.85,,,,,,10,8,27.1,24.5,27,27.8,28.1,28.2,28.9,26.9,25.2,20.5,19.5,2.9,4.1,33.8,
159,2020-09-03,25.9,23.2,2346,29.3,1511,4.58,4,144,15.1,102,28.9,35.7,110,49,20.5,140,212,8.9,7690,20.5,54,1440,73.6,24.2,989.1,1010.4,2356,958.7,224,996.9,12.8,7.7,1300,3.22,20.69,,,,,,4,3.1,28.2,20.3,27.1,27.1,27.4,27.6,28.4,27.1,25.3,20.6,19.5,5.1,7.2,,
159,2020-09-04,24.4,20.9,608,27.9,1335,,,,,,,9.8,250,237,6.5,180,1429,3.7,3177,18.2,56,935,69.1,20.8,1005,1014,1029,1010.4,1,1012.9,12.8,11.2,1200,3.33,24.64,,,,,,1.8,0,28.1,18.2,26.7,26.7,26.9,27.2,28.1,27,25.4,20.7,19.6,4.6,6.5,2.5,
159,2020-09-05,19.9,17.9,1924,22.6,2,18.42,1.8,1640,4.6,1550,36.3,9.8,20,2049,5.4,50,2040,2.4,2111,17.6,66,100,87.6,20.2,1005.1,1015.8,1025,1012,2357,1013.2,12.8,0,1200,.51,2.47,,,,,,9.9,3.9,21.7,18.1,22.3,24.4,25.9,26.6,27.9,26.9,25.4,20.7,19.6,.9,1.2,36.2,
159,2020-09-06,20.9,18.7,1,22,1225,10.2,2.4,233,2.4,210,7.4,17.8,20,2212,7.6,70,2400,4.5,3893,18.9,82,803,88.6,21.8,995.4,1012,1,992.5,2400,1003.4,12.7,0,1000,.69,4.55,,,,,,9.9,7.5,22.4,18.8,22.1,23.3,24.4,25.2,26.7,26.8,25.5,20.8,19.6,1.2,1.8,116.7,
159,2020-09-07,22.9,20.7,1206,24.1,1750,10.02,7.5,734,38.4,705,113.6,32.2,270,919,18.4,250,912,9,7807,19.5,66,2048,82.3,22.8,981.1,1005.6,2400,957.6,816,988.9,12.7,.4,1200,.73,4.64,,,,,,8.1,7.4,22.6,19.3,22.6,23.3,23.8,24.2,25.3,26.4,25.6,22.5,21,2.9,4.2,1.9,
159,2020-09-08,24.3,22.2,149,26.8,1230,,,,,,,15.2,200,3,9.6,230,1330,5.9,5095,20.3,69.4,1158,79,23.9,1003.5,1013.7,2142,1005.5,1,1011.4,12.7,8.5,1100,3.05,20.71,,,,,,4.4,1.8,25.5,18.8,24.4,24.1,24,24.2,25.1,26.3,25.7,21.6,20.7,3.7,5.3,0,
159,2020-09-09,24,22.2,1040,27.3,1308,1.08,0,,0,,0,9.3,200,1659,7,180,1339,3.8,3307,20.7,61,1257,82.9,24.4,1002.5,1013.3,28,1008.3,1538,1010.4,12.6,5.2,1200,2.97,15.6,,,,,,4.3,2.6,25.8,20.4,25.5,25.1,24.9,24.9,25.5,26.1,25.6,21.5,20.4,3.1,4.4,0,
159,2020-09-10,24,21.6,610,27.1,1554,.83,0,,0,,0,8.7,200,1519,5.8,180,1350,2.9,2475,20.2,63,1551,79.9,23.7,1000.9,1010.9,2352,1007.8,450,1008.9,12.6,7.9,1300,3.03,20.53,,,,,,6.1,.9,28.1,19.1,26.7,25.9,25.5,25.3,25.8,25.9,25.4,21.5,20.3,3.7,5.3,,
159,2020-09-11,22.8,20.6,2353,27.3,1346,4.25,.6,1445,1.3,2258,2.7,9.8,90,1752,4.4,50,1955,2.8,2437,19.6,66,1332,82.9,22.9,1004.6,1014.1,2219,1010.8,247,1012.6,12.6,.5,1300,1.65,7.65,,,,,,9.4,3.5,23.8,19.8,24.2,25.1,25.4,25.6,26.1,25.8,25.3,21.5,20.2,1.8,2.6,4.2,
159,2020-09-12,21.7,19.7,451,26.2,1229,3.83,.4,45,1,1,1.5,11.7,180,1653,5.5,70,1640,3.8,3260,17.6,65,1120,77.9,20.1,1004.3,1014.8,2013,1010.2,449,1012.3,12.5,3.3,1000,3,14.05,,,,,,8.4,5,23.7,18.6,23.4,24.3,24.9,25.2,25.9,25.7,25.2,21.5,20.2,3,4.3,0,
159,2020-09-13,20.2,18.8,620,24.6,1042,1,0,,0,,0,7.8,20,125,4.9,110,1309,2.4,2107,16.2,61,1037,78.1,18.4,1007,1016,2156,1014.1,119,1015.1,12.5,2.1,1000,2.85,10.46,,,,,,8.6,6.3,22,17,22.1,23.4,24.3,24.8,25.8,25.7,25.1,21.5,20.2,2,2.9,0,
159,2020-09-14,21.9,18.6,614,26,1155,,,,,,,8.8,180,1316,6.7,180,1402,2.4,2102,17.8,62,1112,78.4,20.5,1005.7,1015.3,18,1011.8,1633,1013.7,12.4,7.6,1200,3.23,20.41,,,,,,4,1.8,27,15.5,25.4,24.6,24.5,24.6,25.5,25.6,25.1,21.4,20.2,3.6,5.2,,
159,2020-09-15,23.3,20.7,601,27,1109,,,,,,,8,110,1448,4.9,110,1417,2.2,1871,18.7,60,938,76,21.6,1004.7,1014,914,1011.9,1727,1012.7,12.4,9,1200,3.13,21.51,,,,,,5.9,1,28.5,17.8,26.6,25.7,25.2,25.1,25.6,25.5,25,21.4,20.2,3.8,5.4,,
159,2020-09-16,22.6,21.5,539,24.1,1459,2.98,.5,1032,.7,1010,1.2,7.9,110,1129,4.6,110,1131,2,1740,20,77,940,85.9,23.4,1001.7,1012.1,27,1008,1832,1009.7,12.4,.1,1400,1.01,5.83,,,,,,9.9,6,25.6,19.6,24.5,24.7,25.1,25.3,25.8,25.5,24.9,21.4,20.2,1.2,1.7,1.2,
159,2020-09-17,21,17.9,2353,23.2,1214,15.92,.4,2221,1.6,2220,7.2,8,340,801,4.6,320,2334,2.3,1969,19.1,78,1215,89.1,22.2,1001.9,1011.2,1020,1008,58,1009.9,12.3,0,1100,.85,4.18,,,,,,9.8,4.9,23.2,17,22.9,24,24.6,24.9,25.7,25.4,24.9,21.4,20.2,.9,1.3,9.4,
159,2020-09-18,19.5,17.5,638,21.4,1513,11.5,.2,,.8,441,2.2,9.4,230,1518,6,250,1505,2.4,2107,15.7,63,1524,79.1,17.8,1005.3,1015.7,2358,1010.5,1,1013.4,12.3,.1,1300,1.27,8.12,,,,,,7.6,1.3,21.6,12.3,21.5,22.7,23.6,24.2,25.3,25.4,24.8,21.4,20.2,2.4,3.4,0,
159,2020-09-19,21.6,16.9,245,26.1,1430,,,,,,,11.8,180,1521,5.5,270,1503,3.2,2765,11.5,29,1133,54.1,13.7,1007.5,1016.9,759,1014.2,1610,1015.5,12.3,9.4,1200,2.8,19.54,,,,,,3.3,.1,22.1,9.5,21.4,22.1,23,23.6,24.8,25.3,24.8,21.4,20.2,4.6,6.6,,
159,2020-09-20,21.5,17.5,619,26.6,1451,,,,,,,11,320,1507,4.7,270,1204,2.6,2284,10.3,32,1518,50.4,12.6,1007.6,1017.4,2307,1014,1515,1015.6,12.2,11.6,1200,3.18,23.24,,,,,,.1,.1,24.4,11.8,22.8,22.7,23.1,23.5,24.6,25.1,24.7,21.4,20.2,5,7.1,,
159,2020-09-21,20,16.3,613,25,1341,,,,,,,11.3,50,1915,4.9,50,1920,2.4,2108,12.1,36,1257,61.4,14.1,1008.9,1018.1,2324,1015.2,1451,1017,12.2,10.6,1100,2.66,19.58,,,,,,4.1,1.6,22.5,9.1,21.7,22.6,23,23.4,24.4,25,24.6,21.4,20.2,4,5.7,,
159,2020-09-22,19.5,17.4,2343,23.5,1532,,,,,,,12.6,70,1333,6.2,70,1337,3.7,3239,12.9,51,1456,66.1,14.9,1008.4,1017.8,2,1015,1522,1016.5,12.2,6.5,1400,2.28,15.64,,,,,,5.4,1.5,23.6,14.5,22.3,22.3,22.9,23.2,24.2,24.9,24.6,21.4,20.2,3.4,4.9,,
159,2020-09-23,20.2,17.4,22,23.1,955,,,,,,,12.8,70,1035,6,70,940,3.8,3260,14.9,61,952,71.6,16.9,1007,1015.8,1,1013.9,1503,1015.1,12.1,1.2,900,1.68,10.7,,,,,,7.8,3.1,21.9,14.3,21.2,21.8,22.4,22.9,23.9,24.7,24.5,21.4,20.3,2.7,3.9,0,
159,2020-09-24,21.2,18.4,537,25.7,1318,.98,0,,0,,0,11.7,20,1304,5.6,50,1123,3.6,3146,15,53,1248,68,17.1,1004.2,1015.2,1,1010,2350,1012.2,12.1,5,1100,2.41,15.45,,,,,,7.8,5.3,23.8,15.8,23.1,23.1,22.9,23,23.7,24.6,24.4,21.4,20.3,3.4,4.9,0,
159,2020-09-25,21.3,18,617,25.5,1502,,,,,,,14.4,50,2248,6.7,70,2248,3.7,3162,14.4,54,1559,65.3,16.5,1001.8,1012.2,2116,1008.4,434,1009.8,12,6.9,1100,2.26,15.67,,,,,,4.9,3.5,25.3,14.9,23.4,23,23.1,23.2,23.8,24.5,24.3,21.4,20.3,3.5,5,,
159,2020-09-26,20.5,17.5,343,26.4,1349,,,,,,,9.7,20,1027,5.1,50,1405,2.9,2516,12.9,47,1609,62.3,14.9,1005.7,1015.9,2148,1011.8,1,1013.7,12,7.7,1300,2.8,17.39,,,,,,4.5,2,23.2,12.9,22.7,23,23,23.1,23.7,24.4,24.2,21.4,20.3,3.8,5.5,,
159,2020-09-27,20,16.9,2340,25.6,1309,,,,,,,11.2,20,1236,5.6,50,1800,3.2,2807,14.1,47,1311,69.6,16.1,1009,1018.4,2111,1015.8,7,1017.1,12,6.6,1100,3.01,15.89,,,,,,3.1,3.1,24.3,11.9,22.3,22.8,22.9,23.1,23.6,24.3,24.1,21.4,20.3,3.1,4.5,,
159,2020-09-28,19.4,16,549,24.1,1233,,,,,,,9.3,90,1520,4.3,50,829,2.9,2522,13,46,1342,67.8,15,1007.8,1018.3,31,1013.9,1644,1015.9,11.9,11.1,1200,3.07,21.33,,,,,,2.3,.6,24.8,11.6,22.9,22.7,22.7,22.9,23.5,24.2,24,21.4,20.3,4.2,5.9,,
159,2020-09-29,20.1,15.5,612,25.3,1256,,,,,,,8,320,513,4.7,110,1346,2.4,2111,12.7,40,1452,63.9,14.7,1002.2,1014.3,1,1007.7,1516,1010.2,11.9,10,1200,2.98,20.2,,,,,,3.5,.6,24.9,9.5,22.6,22.7,22.7,22.8,23.4,24.1,24,21.3,20.3,3.9,5.6,,
159,2020-09-30,20.3,17.2,621,25.6,1218,,,,,,,8.5,70,1356,4.1,90,1540,2.5,2130,13.8,50,1214,67.1,15.8,1001.4,1011.6,2359,1007.9,1418,1009.4,11.9,7.1,1200,2.55,16.96,,,,,,4.3,2,24.5,12.2,22.7,22.8,22.8,22.9,23.3,24,23.9,21.3,20.4,3.3,4.8,,
159,2020-10-01,20,16.7,612,24.8,1209,,,,,,,7.5,90,1535,4.1,110,1231,2.4,2058,14.7,59,922,72.3,16.8,1005.4,1015.1,2030,1011.4,120,1013.5,11.8,9.6,1200,2.81,18.48,,,,,,2.5,2.5,25,10.5,23.1,22.7,22.7,22.8,23.3,23.9,23.8,21.3,20.4,3.2,4.6,,
159,2020-10-02,21.1,16.7,557,24.5,1118,,,,,,,10.1,200,1321,6.5,180,1341,2.6,2248,15.9,57,1144,73.1,18,1006.7,1016,833,1013.1,1449,1014.7,11.8,10.2,1200,2.92,20.16,,,,,,3,.3,26.2,9.5,24,23.2,22.9,22.9,23.3,23.8,23.7,21.3,20.4,3.8,5.5,,
159,2020-10-03,22.1,20.1,544,25.9,1451,,,,,,,7,320,352,4.4,320,633,2.3,2011,17.1,61,1118,73.8,19.5,1006.1,1016.1,851,1012.5,1508,1014.1,11.8,4.5,1300,2.48,14.32,,,,,,8,5.4,27.1,17.2,25.1,24,23.5,23.3,23.4,23.7,23.7,21.3,20.4,2.9,4.2,0,
159,2020-10-04,21.5,19,2400,25.6,1447,1.8,0,,0,,0,11.1,270,1510,6.6,250,1547,3.1,2649,14.1,44,2024,63.6,16.3,1002.4,1013.5,100,1007.5,1441,1010.4,11.7,2.3,1000,2.36,12.98,,,,,,9.1,7,25.1,16.6,24.3,23.9,23.6,23.5,23.6,23.7,23.6,21.3,20.4,3.8,5.5,,
159,2020-10-05,17.2,13.3,627,21.7,1325,,,,,,,15.9,320,746,8.9,320,1033,3.6,3123,3,26,1441,39.5,7.7,1006.4,1017.8,2400,1010.5,6,1014.6,11.7,10.7,1200,3.04,21.43,,,,,,2.3,0,24,10.1,22.1,22.5,22.9,23.1,23.6,23.7,23.6,21.3,20.4,5.1,7.4,,
159,2020-10-06,17.5,13,635,22.9,1207,,,,,,,9.5,340,5,5.5,320,19,2.6,2251,8.1,41,1118,54.9,11,1011.7,1023,2228,1017.3,116,1019.9,11.6,10.5,1100,2.86,20.05,,,,,,3.1,.4,23.3,5,21.7,21.7,22.1,22.4,23.1,23.6,23.5,21.2,20.4,4.2,6,,
159,2020-10-07,19.1,15.1,626,23.1,1351,,,,,,,12,20,1923,6.3,70,2213,3.8,3312,10.5,35,1529,58.4,12.7,1014.7,1024.3,958,1021.2,1517,1022.8,11.6,10.1,1200,2.93,20.19,,,,,,5.4,2.5,25.3,11.3,22.8,22.2,22.2,22.3,22.9,23.6,23.5,21.2,20.4,4.7,6.7,,
159,2020-10-08,18.7,16.6,2131,22.2,1232,,,,,,,20.5,50,1047,8.1,70,1509,5.4,4702,9.5,43,1313,55.8,11.9,1014.7,1024.7,1058,1021.5,2243,1022.9,11.6,6.4,1300,2.59,15.88,,,,,,4.3,4.3,23.7,13.6,22.2,22,22.2,22.4,22.9,23.5,23.4,21.2,20.4,4.7,6.8,,
159,2020-10-09,19.1,16.8,156,23.8,1338,,,,,,,18.1,50,55,7.6,70,420,5.1,4432,10,43,1339,56.1,12.3,1011.6,1022.4,33,1017.9,1629,1019.7,11.5,5.2,1300,2.73,14.92,,,,,,7.1,7.1,23.6,14.1,22,21.7,21.8,22.1,22.7,23.4,23.4,21.2,20.5,4,5.7,,
159,2020-10-10,18,15.6,2306,20.8,1321,,,,,,,12.5,20,458,6.3,50,505,3.7,3237,11.3,59,1948,65.3,13.5,1009.2,1018.4,825,1015.9,1642,1017.4,11.5,0,1300,1.61,8,,,,,,6.4,6.3,21.9,11.9,21.1,21.6,21.9,22.1,22.6,23.3,23.3,21.2,20.5,2.3,3.3,,
159,2020-10-11,17.7,15,317,22,1203,,,,,,,10.8,50,111,5.2,70,740,2.8,2455,11.3,50,1203,67.1,13.5,1006.9,1017.7,21,1013.3,1623,1015.1,11.5,.2,1100,1.69,8.41,,,,,,5.8,5.8,19.4,9.6,19.4,20.6,21.3,21.7,22.4,23.2,23.3,21.2,20.5,2,2.9,,
159,2020-10-12,18.9,15.1,242,24.9,1455,,,,,,,9.8,270,1358,5.3,270,1158,2,1753,11.6,40,1449,63.9,13.7,1005.4,1015.1,2354,1011,1412,1013.5,11.4,9.5,1100,2.71,18.41,,,,,,2.3,.9,23.7,8.3,21.7,21.3,21.3,21.5,22.2,23.1,23.2,21.1,20.5,3.5,5,,
159,2020-10-13,17.8,14.2,2348,23.4,1417,,,,,,,8.9,270,1215,4.8,270,1217,2.4,2087,6.1,24,1408,48.4,9.6,1009.7,1021.1,2249,1014.9,143,1017.9,11.4,7.4,1200,2.83,17.03,,,,,,4,1.3,22.4,8,21.2,21.3,21.4,21.6,22.2,23,23.1,21.1,20.5,3.8,5.4,,
159,2020-10-14,16.9,13,540,22.6,1417,,,,,,,9.8,320,242,5.7,320,244,2.2,1882,3.8,24,1410,42.5,8,1014.1,1024,1036,1020.4,120,1022.3,11.4,6.3,1200,2.35,13.76,,,,,,3.8,2.4,19.9,4.8,19.6,20.2,20.8,21.3,22,23,23.1,21.1,20.5,3.5,5,,
159,2020-10-15,17.2,12.5,734,23,1301,,,,,,,11.7,320,607,5.6,320,622,2.6,2213,7.1,33,509,52.6,10.5,1014.3,1024.1,930,1020.9,1348,1022.5,11.3,7.3,1100,2.63,16.2,,,,,,5.9,1,21.1,5.1,20,20.3,20.6,21,21.7,22.9,23,21.1,20.5,3.2,4.6,,
159,2020-10-16,16.3,15,528,18.6,1246,3.83,.2,,.2,,.2,8.9,110,317,4.4,50,311,2.4,2059,10.8,63,1249,70.1,13,1013.5,1023.4,903,1019.9,1722,1021.8,11.3,0,1200,.78,3.98,,,,,,8.9,6,18,11.6,17.9,19.3,20.3,20.8,21.6,22.8,22.9,21.1,20.5,1.5,2.1,.2,
159,2020-10-17,17,12.9,632,22.6,1303,,,,,,,8.1,320,354,5,320,348,2.4,2098,8.4,39,1114,58,11,1013.1,1022.6,2121,1019.8,1448,1021.4,11.2,10,1200,2.59,17.52,,,,,,1.6,.1,21.3,6.6,19.9,19.9,20.1,20.5,21.2,22.6,22.9,21,20.5,3.4,4.8,,
159,2020-10-18,17.2,13.7,625,22.2,1315,,,,,,,7,230,1213,3.6,320,311,1.5,1329,8.3,27,1314,57.1,11,1013.6,1023.5,906,1019.9,1435,1021.9,11.2,9.5,1100,2.67,17,,,,,,4.1,.6,21.6,6.6,19.9,19.9,20.2,20.5,21.1,22.5,22.8,21,20.5,3.5,5.1,,
159,2020-10-19,17.5,12.5,638,23.2,1326,,,,,,,8.3,70,1448,4.5,320,202,2.5,2151,7,32,1044,51.3,10.1,1014.9,1025.2,2220,1021.4,1417,1023.1,11.2,10.1,1100,2.64,17.63,,,,,,3.9,.3,21.5,5.8,20.1,20.1,20.2,20.5,21,22.4,22.7,21,20.5,3.7,5.3,,
159,2020-10-20,17.7,13.6,628,22.6,1226,,,,,,,9,90,1241,4.3,90,1248,2.2,1926,10,46,1055,61.8,12.3,1016.4,1026.6,853,1022.6,2350,1024.7,11.2,10.1,1200,2.71,17.6,,,,,,.6,.6,21.1,4.7,19.8,19.9,20.1,20.4,20.9,22.3,22.6,21,20.5,3.6,5.1,,
159,2020-10-21,17.3,14.9,2145,22.3,1154,7.75,.7,2053,2.9,2048,10.4,5.8,320,2128,3.2,320,2136,1.6,1422,12,52,1154,72.5,14.1,1010.1,1023.2,43,1014.7,2359,1018.3,11.1,1.2,1100,1.63,7.41,,,,,,9,5.1,19.1,8.7,18.6,19.4,20,20.4,20.9,22.2,22.6,21,20.5,1.4,2,26.2,
159,2020-10-22,15.3,13.8,2358,17.3,1519,8.55,1.8,148,4.8,115,15.8,11,340,2343,5.5,320,207,2,1734,12.3,66,2355,83.3,14.4,1002.7,1014.9,30,1008.8,1633,1010.9,11.1,0,1100,.74,3.73,,,,,,9.3,4.8,17,11.2,17,18.3,19.3,20,20.7,22.1,22.5,21,20.5,1.4,2,0,
159,2020-10-23,12.7,8.7,647,18.3,1545,,,,,,,14.7,270,1028,7.9,270,1037,3.4,2969,.2,26,1408,44,6.2,1003.3,1014.2,2329,1009.2,11,1011.6,11,10.3,1200,2.74,18.26,,,,,,.8,0,14.4,4.9,14.5,16.3,17.8,18.9,20,22,22.4,20.9,20.5,4.1,5.8,,
159,2020-10-24,12,7,642,18.2,1557,,,,,,,11.8,230,1137,6.6,270,1156,3.2,2748,-1.6,22,1428,40.5,5.4,1007.6,1018,2207,1014,40,1016,11,10.3,1200,2.7,17.89,,,,,,0,0,13.4,2.9,13.5,15,16.5,17.7,19.1,21.8,22.3,20.9,20.5,4.3,6.2,,
159,2020-10-25,14.6,9.5,413,21.6,1426,,,,,,,11.1,340,234,6.1,320,237,3,2633,3.9,28,1306,49.8,8.2,1009.6,1019.7,957,1016.3,1432,1017.9,11,9.6,1200,2.68,17.09,,,,,,1.8,.5,15.4,3.9,15.3,15.6,16.3,17.2,18.4,21.6,22.2,20.9,20.5,3.8,5.5,,
159,2020-10-26,15.9,11.7,648,21.5,1151,,,,,,,10.3,320,137,5.1,320,326,1.9,1657,4.7,34,1142,48.5,8.6,1010,1019.6,831,1016.7,1349,1018.2,10.9,10.1,1200,2.53,16.34,,,,,,.8,0,17.3,4.4,16.6,16.7,17,17.5,18.3,21.4,22.1,20.9,20.5,3.2,4.6,,
159,2020-10-27,16.7,12.2,636,22.9,1306,,,,,,,6.5,160,1357,4.5,200,1444,1.7,1509,7,34,1111,53.8,10.1,1011.1,1020.8,931,1017.8,401,1019.4,10.9,9.8,1200,2.34,14.85,,,,,,2.6,0,17.6,4.6,16.9,16.9,17.3,17.7,18.3,21.2,22,20.8,20.5,3.4,4.9,0,
159,2020-10-28,17.3,15.4,719,22.9,1425,1,0,,0,,0,8.1,320,420,5.3,320,420,2.8,2430,6.4,33,1433,49.1,9.6,1011.8,1021.4,844,1018.3,1327,1020,10.9,3.9,1300,1.92,9.12,,,,,,5.3,4,18.2,7.6,17.5,17.3,17.6,18,18.4,21,21.9,20.8,20.5,3,4.3,,
159,2020-10-29,15.4,10.6,656,21.9,1233,,,,,,,10.4,320,209,5.2,320,213,2.4,2047,4.9,36,309,51,9,1012.9,1022.7,941,1019.4,1430,1021.2,10.9,6.7,1200,2.49,13.25,,,,,,3.9,1.6,15.7,2.2,15.9,16.7,17.2,17.7,18.2,20.8,21.7,20.8,20.5,2.8,4.1,,
159,2020-10-30,15,11.4,604,21,1319,,,,,,,10.7,50,1656,5.8,50,1045,3.3,2823,6.4,38,1301,57.3,9.6,1015.2,1026.3,2202,1021.1,300,1023.6,10.8,9.8,1200,2.29,15.33,,,,,,2.3,1.9,17.4,4.3,16.7,16.8,17.2,17.6,18.1,20.7,21.6,20.8,20.5,3.4,4.9,,
159,2020-10-31,15,11,628,20.3,1310,,,,,,,8.2,20,251,4.3,70,408,2.5,2135,6.4,43,1042,57.4,9.7,1016.1,1027,813,1022.3,1547,1024.4,10.8,8.2,1100,2.39,15.22,,,,,,2.4,2,18.2,4.3,17.2,17,17.2,17.6,18,20.5,21.5,20.7,20.5,2.8,3.9,,
159,2020-11-01,15.7,12.5,125,20.2,1314,1.83,,,,,0,9,250,1321,5.8,250,1321,2.2,1858,8,39,1224,61.3,10.8,1011.8,1022.8,203,1018.4,2152,1020.1,10.8,1.1,1200,1.66,7.65,,,,,,9.5,8,17.1,5.3,16.4,16.7,17.1,17.5,18,20.4,21.4,20.7,20.5,1.9,2.7,3.7,
159,2020-11-02,13.9,12,2357,17.7,1416,7.17,,,,,3.7,7.7,270,47,4.5,290,30,2.1,1835,5.7,31,2326,61.1,9.6,1010.4,1020,808,1017,1409,1018.7,10.7,1,1300,1.27,5.89,,,,,,7.5,5.4,15.2,4.9,15.1,16.1,17,17.4,18,20.3,21.3,20.7,20.5,2.1,3,,
159,2020-11-03,9.7,5.3,2352,13.3,1526,,,,,,,13.7,270,1427,6.7,270,1433,3,2569,-5,20,1115,36,4.3,1010,1021.7,2300,1016.5,1407,1018.4,10.7,10,1200,2.59,16.46,,,,,,0,0,11.6,.3,11.9,13.7,15.3,16.4,17.5,20.2,21.2,20.6,20.5,3.5,5.1,,
159,2020-11-04,8.7,4.1,449,14.6,1421,,,,,,,11.3,320,758,5.5,270,1445,2.7,2311,-8,14,1456,32.1,3.4,1014.5,1024.8,2317,1021.1,1422,1023,10.7,10.1,1200,2.54,16.5,,,,,,.1,0,11,-.1,11,12.4,13.9,15.2,16.5,20,21.1,20.6,20.5,4,5.7,,
159,2020-11-05,12,6.3,352,17.4,1256,,,,,,,10,320,103,6.1,320,112,2,1719,-2.9,23,204,35.6,5.2,1017.5,1027.8,912,1024.5,21,1025.9,10.6,7.7,1200,2.58,13.59,,,,,,5.3,3.4,13.8,-2.7,13.1,13,13.8,14.8,15.8,19.8,21,20.6,20.5,2.9,4.1,,
159,2020-11-06,17.2,12.3,329,21.6,1302,,,,,,,7,180,1249,5.1,180,1251,2.1,1803,7.4,31,216,53.6,10.8,1012.8,1025.6,1,1018.1,2355,1021.1,10.6,2.8,1000,2.02,10.71,,,,,,9.4,7.6,17.5,6.3,16.1,15.6,15.4,15.5,15.9,19.6,20.8,20.5,20.5,2.4,3.4,,
159,2020-11-07,17.6,14.5,2316,21.4,1521,,,,,,,10.5,270,1514,6.6,200,1537,3,2549,8.1,32,2358,55.4,11.2,1008.2,1018.1,1,1014,1417,1016.3,10.6,4.4,1300,2.05,10.33,,,,,,4.6,4.4,19.6,7.3,18.2,17.2,16.8,16.7,16.7,19.3,20.7,20.5,20.5,3.1,4.4,,
159,2020-11-08,14.1,8.8,2357,19.8,1414,,,,,,,9.5,230,1441,5.7,230,1451,2.8,2441,-4.2,12,2217,29,4.8,1010.8,1021.6,2323,1016.7,1440,1019.1,10.5,9.6,1200,2.34,14.6,,,,,,0,0,16.2,3.3,15.3,15.7,16.2,16.6,16.8,19.2,20.6,20.5,20.5,4.3,6.2,,
159,2020-11-09,9.2,5,646,15.1,1404,,,,,,,14.9,340,308,7,320,212,3,2554,-9.8,13,1444,26.4,3,1014.4,1024.9,2128,1020.6,315,1022.9,10.5,10.1,1200,2.46,15.73,,,,,,0,0,12.7,-.2,12.5,13.7,14.8,15.7,16.3,19.2,20.4,20.4,20.5,3.8,5.4,,
159,2020-11-10,11,7.7,139,16,1400,,,,,,,8.7,270,1212,5.2,270,1207,2.4,2041,-1,23,1328,44.1,5.7,1017.8,1028.3,2245,1024.5,356,1026.3,10.5,9.9,1200,2.4,14.87,,,,,,.5,.5,14.1,-.9,13,13.4,14.2,15,15.7,19,20.3,20.4,20.5,3.1,4.4,,
159,2020-11-11,12.5,6.7,633,18.6,1315,,,,,,,7,340,110,4.3,320,111,2,1722,.9,27,932,46,6.7,1022.1,1031.8,2010,1028.3,1,1030.6,10.4,9.9,1200,2.24,14.25,,,,,,.3,.3,14.3,-2.7,13.3,13.5,14.1,14.8,15.4,18.9,20.2,20.4,20.5,2.7,3.9,,
159,2020-11-12,14.3,9.7,531,20,1302,,,,,,,6.1,110,1234,3.5,110,1207,1.2,1071,7,45,1108,62.5,10.1,1020.4,1031.2,1,1027.1,1623,1028.8,10.4,9.8,1200,2.31,14.36,,,,,,0,0,15.4,.6,14.7,14.3,14.5,14.9,15.3,18.7,20.1,20.3,20.5,2.7,3.9,,
159,2020-11-13,15.6,10.9,654,21.9,1228,,,,,,,8.3,340,522,5.1,320,552,2.4,2069,4.2,26,1210,49,8.3,1018,1027.7,2228,1024.6,1430,1026.4,10.4,9.7,1200,2.18,13.36,,,,,,0,0,17.6,3.1,15.2,14.7,14.9,15.2,15.4,18.5,20,20.3,20.5,3.2,4.5,,
159,2020-11-14,15.2,12.1,652,21.5,1341,,,,,,,9.8,90,1727,4.7,50,1729,3,2553,7.9,48,1316,62,10.7,1019.8,1029.4,842,1027.2,1341,1028.2,10.4,5.5,1300,2.1,10.18,,,,,,4.3,3.5,18.4,5.5,15.8,15,15.1,15.4,15.5,18.4,19.9,20.2,20.5,2.4,3.4,,
159,2020-11-15,15.5,12.2,634,20.6,1354,,,,,,,7.9,230,1646,5.4,200,1630,2.4,2056,7.7,37,1557,61,10.5,1017.4,1027.8,1,1024,1536,1025.7,10.3,8.9,1200,2.17,13.52,,,,,,3,1.3,18.5,4,16.1,15.5,15.5,15.6,15.7,18.3,19.8,20.2,20.5,3,4.2,,
159,2020-11-16,16.4,12,705,22,1241,,,,,,,9.4,320,212,6.2,320,212,2.7,2290,7.7,29,1245,57.5,10.5,1016.4,1026.3,2238,1023.4,321,1024.7,10.3,9.3,1200,2.24,13.17,,,,,,3.9,.6,18.8,5.4,16.4,15.6,15.5,15.7,15.8,18.2,19.7,20.1,20.5,2.9,4.2,,
159,2020-11-17,17.8,14.9,13,22.7,1238,,,,,,,7.9,90,7,4.4,50,53,2.3,2006,12.5,60,1024,71.5,14.6,1015.9,1026,202,1022.7,1418,1024.2,10.3,3.7,1200,1.79,9.2,,,,,,6.4,6.3,20.5,9.3,18,17,16.5,16.3,16.1,18.2,19.6,20.1,20.5,1.7,2.4,,
159,2020-11-18,19.4,15.9,704,23.3,1450,,,,,,,7.9,180,2205,5.1,230,2207,1.8,1515,15.6,63,1451,79.4,17.7,1010.6,1023.1,2,1014.7,2357,1018.7,10.3,4.4,1300,1.65,9.41,,,,,,7,2.4,22.3,9.6,19,17.5,17,16.8,16.5,18.2,19.5,20.1,20.5,1.9,2.7,14.1,
159,2020-11-19,19.1,14.9,2352,20.7,1111,9.18,,,,,31.8,24.5,230,1427,15.6,230,1405,7,6012,16.3,62,2043,84.5,18.9,1000.7,1014.9,37,1004.5,1430,1008.8,10.2,0,1100,.29,1.24,,,,,,7.4,6.4,19.2,12.3,18.8,18.4,17.9,17.7,17.2,18.2,19.4,20,20.5,1.5,2.1,17.7,.98
159,2020-11-20,12.2,7.2,2339,16.3,1525,,,,,,,15.3,270,657,8,270,717,4.4,3770,3.6,44,1244,56.3,8,1006.2,1020.8,2358,1009,31,1014.6,10.2,8.3,1200,2.17,13.08,,,,,,1.6,.5,13.8,5.1,14,15.5,16.6,17.2,17.3,18.2,19.4,20,20.5,2.8,4.1,,
159,2020-11-21,10.7,6.1,334,14.8,1321,,,,,,,10.4,340,2,6.3,320,56,3,2564,3.9,54,1322,62.9,8.1,1013.7,1024,910,1020.8,1,1022.1,10.2,1.7,1300,1.04,6.09,,,,,,4.9,4.9,10.4,.8,10.8,12.8,14.5,15.6,16.4,18.3,19.3,19.9,20.4,1.4,2.1,0,
159,2020-11-22,10.8,8.8,2322,12.2,1535,4.92,,,,,.8,10.5,340,859,7.5,320,903,2.3,1982,6.1,64,233,73.1,9.4,1011,1021.7,2354,1017.1,1450,1019.4,10.2,0,1300,.53,2.67,,,,,,8,6.4,11.6,5.3,11.9,13.3,14.3,15.1,15.9,18.3,19.3,19.9,20.4,1.1,1.6,.8,
159,2020-11-23,7.9,4.3,650,12.9,1619,,,,,,,13.9,320,946,7.5,320,918,4,3415,-3.9,29,1513,43.9,4.6,1015.3,1025.4,834,1021.5,3,1023.9,10.1,9.5,1200,2.18,13.47,,,,,,0,0,9.6,1.4,9.7,11.4,13.1,14.2,15.3,18.2,19.3,19.8,20.4,2.9,4.1,,
159,2020-11-24,9.6,4.8,402,16.2,1323,,,,,,,11.3,340,51,6.8,320,100,1.5,1321,-2.9,26,1616,41.9,5.1,1016.6,1027.2,857,1023.6,1417,1025.1,10.1,6.3,1200,2.1,11.1,,,,,,4.5,2,10.4,-1.3,10.3,11.1,12.3,13.4,14.5,18,19.2,19.8,20.4,2.3,3.3,,
159,2020-11-25,10.4,7.3,845,15,1204,,,,,,,11.5,340,1012,7,320,2231,3.2,2794,-2.8,23,1445,41.8,5.1,1015.3,1025.5,850,1022.5,1345,1023.8,10.1,8.7,1200,2.16,12.84,,,,,,2.5,.6,11.1,2.7,11.1,11.7,12.5,13.3,14.2,17.8,19.2,19.8,20.4,3.6,5.1,,
159,2020-11-26,10.3,7.3,328,15.4,1430,,,,,,,13,340,145,7.1,320,146,2.6,2275,.6,35,1335,52.4,6.5,1015.7,1026.3,910,1022.5,1439,1024.2,10.1,3.9,1300,1.65,7.29,,,,,,6,2.5,11.4,2.4,11.1,11.4,12.3,13.1,13.9,17.6,19.1,19.7,20.4,1.8,2.5,,
159,2020-11-27,9.8,4.8,2359,14,1215,,,,,,,14.7,270,1727,7.6,270,1656,3.6,3124,.3,34,1240,52.8,6.4,1013.5,1024.7,2353,1018.8,1345,1022,10.1,5.1,1200,2.04,10.03,,,,,,4.6,3.5,11,1.1,11.2,12,12.5,13.1,13.8,17.4,18.9,19.7,20.4,2.6,3.7,,
159,2020-11-28,5.1,2.4,633,10.1,1446,,,,,,,15.5,290,1318,6.7,290,1318,2.9,2519,-8.9,23,1509,37.4,3.2,1016.1,1026,849,1022.9,1326,1024.7,10,7.1,1200,1.91,11.27,,,,,,4.3,.9,7.7,-1.6,8.1,9.9,11.4,12.5,13.5,17.2,18.8,19.6,20.4,2.5,3.6,,
159,2020-11-29,4.9,1.1,706,10.3,1612,,,,,,,13.7,270,1152,6.6,270,1212,3.3,2861,-6,30,10,45.4,3.9,1018.1,1029.3,2317,1024.9,111,1026.7,10,9.4,1200,2.14,13.04,,,,,,1.1,.9,7.9,-3,7.8,9.1,10.5,11.6,12.8,17,18.7,19.6,20.3,2.3,3.3,,
159,2020-11-30,5.4,1.7,448,11.2,1353,,,,,,,10.9,340,2245,6.4,320,2249,2.7,2351,-7.8,25,1405,38.9,3.4,1022.6,1032.9,2101,1028.7,140,1031.3,10,9.4,1200,2.17,13.14,,,,,,.1,0,7.7,-3.7,7.8,8.8,10.1,11.2,12.3,16.8,18.6,19.5,20.3,2.7,3.9,,
159,2020-12-01,6.7,.6,658,13.5,1332,,,,,,,10.9,320,59,6.8,320,128,2.7,2364,-4.6,33,1409,44.4,4.4,1023,1034.1,832,1029.8,1929,1031.7,10,8.6,1200,2.03,11.95,,,,,,2.8,0,8.5,-5.6,8.3,8.9,9.8,10.8,11.8,16.5,18.4,19.5,20.3,2.3,3.2,,
159,2020-12-02,7.9,4.6,558,14.3,1255,,,,,,,8.9,320,2101,5.9,320,2109,2.5,2133,-4.8,26,1917,41.1,4.4,1018.2,1029.9,1,1024.6,1349,1026.8,10,4.2,1200,1.87,8.38,,,,,,3.8,2.5,7.9,-3.7,8.1,9.4,10.2,11,11.8,16.3,18.3,19.5,20.3,2.4,3.5,,
159,2020-12-03,6.3,3.5,2357,11.5,1309,,,,,,,13.5,320,326,7.1,320,330,2.8,2395,-8.1,26,1436,35,3.3,1017.2,1027.5,928,1023.9,346,1025.8,10,9.2,1200,2.03,12.22,,,,,,1.6,0,8.6,-2.2,8.5,9.1,10,10.8,11.6,16.1,18.1,19.4,20.3,2.7,3.9,,
159,2020-12-04,4.3,.5,655,10.2,1533,,,,,,,12.4,320,336,7.3,320,415,3.7,3177,-11.8,18,1453,31.3,2.5,1017.8,1028.5,1016,1024.3,1524,1026.5,9.9,9.1,1200,2.1,12.75,,,,,,.8,.3,7,-3.3,6.9,8.1,9.3,10.3,11.3,15.8,17.9,19.4,20.3,2.7,3.8,,
159,2020-12-05,5.7,1.6,325,10.9,1610,,,,,,,11.1,270,1353,5.5,270,1446,2.9,2498,-5.9,32,1312,43.4,4,1019.1,1030.2,902,1026.4,1514,1027.8,9.9,9.3,1200,2.09,12.51,,,,,,1.1,.9,7.5,-5.3,7.2,7.9,8.9,9.9,10.9,15.6,17.8,19.3,20.3,2.5,3.6,,
159,2020-12-06,7.4,3.5,650,12.3,1434,,,,,,,8.6,340,816,5,320,326,2.9,2520,-3.2,34,1457,47.6,4.8,1017.8,1028.1,902,1024.6,1608,1026.3,9.9,9.2,1200,2.05,12.4,,,,,,.8,.8,9,-1.5,8.6,8.6,9.3,10,10.7,15.4,17.6,19.3,20.2,2.4,3.4,,
159,2020-12-07,7.5,4.5,518,11.5,1608,,,,,,,7.2,290,944,4.3,320,237,2.2,1903,-2.2,41,1333,50,5.2,1016.7,1027.3,940,1023.2,1438,1025.3,9.9,3,1100,1.06,6.72,,,,,,3,2,8,-4.4,7.7,8.5,9.4,10.1,10.7,15.2,17.5,19.2,20.2,1.6,2.3,,
159,2020-12-08,4.3,1.4,647,9,1610,,,,,,,10.4,270,1143,4.4,320,429,2.8,2393,-7.5,26,1901,42.6,3.5,1017.4,1028,953,1024.3,1412,1026.1,9.9,8.3,1200,2.01,11.3,,,,,,1,1,7.2,-4.1,7,8,9,9.9,10.6,15,17.3,19.2,20.2,2.3,3.4,,
159,2020-12-09,6.3,1.3,607,12.4,1338,,,,,,,9.8,320,212,6.3,320,213,2.3,1944,-10.9,16,1251,28.9,2.7,1015.5,1026.8,216,1022.1,1428,1024.1,9.9,9.1,1200,2.02,12,,,,,,.6,.6,7.4,-5,7.2,7.7,8.5,9.5,10.2,14.9,17.2,19.1,20.2,2.9,4.1,,
159,2020-12-10,7.5,4.9,141,12.3,1539,,,,,,,9.9,320,1225,6.3,320,507,2.6,2217,-6.6,21,354,37.5,4,1012.1,1022.3,1,1018.9,1339,1020.7,9.9,1.1,1500,.91,3.5,,,,,,7.1,5,6.7,-4.4,6.6,7.5,8.6,9.4,10.2,14.7,17,19.1,20.2,1.4,2,,
159,2020-12-11,9.4,6.1,639,13.7,1334,,,,,,,9.3,250,1443,4.2,250,32,2.2,1894,-.1,38,1246,52.1,6.1,1009.7,1020.8,2,1015.9,1536,1018.1,9.8,7.1,1200,1.94,10.42,,,,,,5.4,.8,9.7,-3,9.2,8.8,9.1,9.5,10,14.5,16.9,19,20.2,2.1,3,,
159,2020-12-12,7.5,4.9,2358,11.2,1348,,,,,,,10.8,250,1613,5.6,270,1141,2.6,2256,-6.7,21,1611,37.9,3.9,1007.9,1017.7,2150,1015.1,1419,1016.4,9.8,7.6,1200,1.99,11.27,,,,,,4.1,1.3,9.2,-2.6,8.9,9,9.5,9.9,10.3,14.3,16.7,19,20.1,2.6,3.8,,
159,2020-12-13,6.4,2,2353,11.7,1418,,,,,,,17.7,270,2041,9.4,250,1539,3.3,2830,-6.5,29,45,39.6,4,1008,1019.3,645,1012.7,1546,1016.6,9.8,7.1,1200,1.48,8.99,,,,,,4.6,1.1,7.3,-6.6,7.4,8.1,8.9,9.6,10.2,14.2,16.6,18.9,20.1,2.5,3.6,,
159,2020-12-14,-1.1,-4.1,2345,2,1,,,,,,,12.7,250,1009,5.3,320,134,3.4,2925,-19.4,15,1359,24,1.3,1015.7,1027.7,2156,1019.4,1,1024.6,9.8,7.3,1300,1.57,9.71,,,,,,3.1,2.1,3.9,-7.7,4.1,6.4,8.1,9.2,10,14.1,16.5,18.8,20.1,1.9,2.8,,
159,2020-12-15,-2.7,-6,728,1.3,1453,,,,,,,11.8,340,1115,4.7,290,1417,2.5,2189,-18.3,15,1512,31,1.5,1019,1029.8,1006,1026.9,112,1028,9.8,9.2,1200,2.13,12.75,,,,,,0,0,2.2,-10.3,2.2,4.2,6.3,7.8,9.1,14,16.3,18.8,20.1,1.9,2.8,,
159,2020-12-16,-2.1,-5,605,2.4,1444,,,,,,,15,270,1336,5.9,290,1305,2.8,2423,-14.7,23,1546,38.4,2,1018.8,1029.2,2346,1026,1418,1027.8,9.8,9.1,1200,2.1,12.59,,,,,,0,0,2.2,-9.2,2,3.7,5.6,7,8.4,13.8,16.2,18.7,20.1,1.8,2.5,,
159,2020-12-17,-.5,-5.4,618,4.7,1410,,,,,,,10.6,270,1150,5.1,270,1159,2.8,2428,-13.9,26,1520,36.3,2.1,1019,1029.4,30,1026.5,1620,1027.9,9.8,9.2,1200,2.09,12.57,,,,,,.9,0,2.6,-9.4,2.5,3.6,5.1,6.5,7.8,13.6,16.1,18.7,20.1,2.1,2.9,,
159,2020-12-18,3,-1,403,8.1,1403,,,,,,,9.9,230,1249,6.7,230,1527,3.3,2875,-7.4,32,8,46.4,3.6,1017.3,1027.8,138,1023.4,1652,1026,9.8,6.1,1300,1.81,9.84,,,,,,4.6,.1,3.6,-5.5,3.7,4.6,5.6,6.6,7.5,13.3,15.9,18.6,20,2.1,3,,
159,2020-12-19,.7,-1.5,2243,5.9,1419,,,,,,,16.8,360,320,9.3,320,350,4.3,3689,-19.4,6,1420,24,1.5,1018.9,1030,2306,1025.6,213,1027.8,9.8,8.6,1200,2.15,12.95,,,,,,3.3,0,4.6,-4.7,4.1,4.8,5.9,6.8,7.6,13,15.8,18.5,20,3.2,4.6,,
159,2020-12-20,1.9,-1.5,14,6.9,1210,,,,,,,11.9,160,229,6,290,152,2.7,2364,-12.1,19,1240,36,2.5,1020.3,1030.3,959,1027.5,1341,1029.1,9.8,9.1,1200,2.08,12.55,,,,,,1.8,0,4.2,-7.2,3.8,4.5,5.6,6.6,7.4,12.8,15.6,18.5,20,2.5,3.5,,
159,2020-12-21,2.5,-1.1,620,7,1331,,,,,,,14.4,320,232,7.5,290,301,3.2,2771,-8.1,33,1,45.9,3.4,1018.8,1029.6,1,1025.8,1435,1027.6,9.8,8.7,1200,1.98,11.28,,,,,,.5,.5,4.3,-8.3,3.9,4.7,5.6,6.6,7.3,12.6,15.4,18.4,20,1.7,2.4,,
159,2020-12-22,4.5,.3,523,8.6,1226,,,,,,,13.6,270,1847,8.1,270,1852,3,2586,-4.7,40,1348,51.5,4.3,1016.8,1026.9,1,1023.4,1451,1025.5,9.8,8.9,1200,1.82,10.53,,,,,,0,0,4.7,-8.1,4.4,5,5.8,6.6,7.3,12.4,15.3,18.4,19.9,2,2.8,,
159,2020-12-23,6.1,1.9,654,9,1215,,,,,,,8.5,270,1437,5.7,250,1457,2.8,2443,-2,44,1216,56.1,5.3,1014,1026.3,130,1018.4,2359,1022.7,9.8,4.5,1100,1.39,7.74,,,,,,4.9,2.3,5,-7.9,4.7,5.4,6.1,6.8,7.3,12.3,15.1,18.3,19.9,1.7,2.5,,
159,2020-12-24,8.4,3.2,2359,13.6,1353,,,,,,,13.9,270,1728,8.3,270,1731,3.5,3016,-4.8,17,1641,41.3,4.6,1006.8,1018.4,1,1012.9,1315,1015.3,9.8,5.8,1200,1.93,9.38,,,,,,4.4,1,9,.1,8.3,7.6,7.3,7.5,7.7,12.1,15,18.2,19.9,2.9,4.1,,
159,2020-12-25,3.5,.2,545,7.6,1540,,,,,,,13.2,290,3,7.6,290,6,2.9,2487,-9.5,29,1358,38.4,3,1013.1,1025,2256,1017.1,48,1021.8,9.8,9.1,1200,2.03,12.15,,,,,,.3,0,6,-7,5.5,6.1,6.9,7.6,7.9,12,14.8,18.2,19.9,2.3,3.3,,
159,2020-12-26,5.6,1.6,150,10.8,1354,,,,,,,8.9,340,421,5.4,320,504,2.5,2141,-6.1,29,1413,43.3,3.9,1016.1,1027.1,909,1023,1501,1024.8,9.8,8.7,1200,1.99,11.85,,,,,,4.3,0,6.7,-7.8,6,6.1,6.6,7.3,7.7,12,14.7,18.1,19.9,2.2,3.1,,
159,2020-12-27,6.9,4.5,730,11.1,1300,6.33,,,,,2.4,9.3,320,2225,5.4,320,2227,1.6,1389,-.9,33,1356,60.3,5.9,1012.9,1023.6,208,1019.7,1350,1021.4,9.8,.3,1000,1.03,4.9,,,,,,9,6,6.7,-2.8,6.5,7,7.3,7.7,7.9,11.9,14.6,18,19.8,1,1.4,2.4,
159,2020-12-28,8.6,4,729,15,1447,,,,,,,8.2,360,1133,6.1,320,159,1.6,1354,2.5,42,1623,67.1,7.3,1013.4,1023.3,1043,1020.1,114,1021.9,9.8,9.1,1200,2.04,11.97,,,,,,0,0,8.5,-3.2,7.8,7.5,7.6,8,8.1,11.8,14.5,18,19.8,1.8,2.6,,
159,2020-12-29,8.2,1.7,2357,14.8,1325,6.17,,,,,6.6,15.9,340,2342,7.2,290,2349,2.5,2146,3.1,51,1257,72,7.7,1008.2,1022.7,6,1012.5,1627,1016.7,9.8,3.9,1200,2.01,8.04,,,,,,7.8,3.8,7.9,-2.8,7.6,7.9,7.9,8.2,8.3,11.8,14.4,17.9,19.8,1.6,2.3,7.8,
159,2020-12-30,-3.2,-7.4,2323,1.7,1,3.42,,,,,1.2,18.1,320,1136,10,270,1828,5,4335,-14.1,25,1254,45.6,2.4,1007.9,1022,2334,1012.3,451,1016.8,9.8,7.8,1200,2.19,12.59,,,,,,2.6,2,2.3,-10.6,2.7,5,6.8,7.9,8.4,11.8,14.3,17.8,19.7,1.9,2.7,,
159,2020-12-31,-2.9,-8,629,2.9,1624,,,,,,,17.9,270,1419,8.9,290,1929,4.1,3560,-14.2,29,945,41.6,2.1,1014.3,1025.2,905,1021.3,55,1023.3,9.8,9.3,1200,2.17,13.07,,,,,,.5,.5,-.4,-11.6,-.6,1.8,4.3,6,7.3,11.8,14.3,17.8,19.7,1.8,2.6,,
